# https://github.com/mikedh/trimesh
mtllib material.mtl

o Receiver
usemtl M_Rifle_Receiver
v -0.04200000 -0.02000000 0.09600000
v -0.04200000 0.02000000 0.09600000
v -0.04200000 -0.02000000 0.05000000
v 0.19800000 -0.02000000 0.05000000
v -0.04200000 -0.02000000 0.09600000
v -0.04200000 -0.02000000 0.05000000
v -0.04200000 -0.02000000 0.05000000
v -0.04200000 0.02000000 0.09600000
v -0.04200000 0.02000000 0.05000000
v -0.04200000 0.02000000 0.05000000
v 0.19800000 -0.02000000 0.05000000
v -0.04200000 -0.02000000 0.05000000
v -0.04200000 -0.02000000 0.09600000
v 0.19800000 0.02000000 0.09600000
v -0.04200000 0.02000000 0.09600000
v 0.19800000 -0.02000000 0.09600000
v -0.04200000 -0.02000000 0.09600000
v 0.19800000 -0.02000000 0.05000000
v 0.19800000 -0.02000000 0.09600000
v 0.19800000 0.02000000 0.09600000
v -0.04200000 -0.02000000 0.09600000
v -0.04200000 0.02000000 0.09600000
v 0.19800000 0.02000000 0.09600000
v -0.04200000 0.02000000 0.05000000
v 0.19800000 0.02000000 0.05000000
v 0.19800000 -0.02000000 0.05000000
v -0.04200000 0.02000000 0.05000000
v -0.04200000 0.02000000 0.05000000
v 0.19800000 0.02000000 0.09600000
v 0.19800000 0.02000000 0.05000000
v 0.19800000 0.02000000 0.05000000
v 0.19800000 -0.02000000 0.09600000
v 0.19800000 -0.02000000 0.05000000
v 0.19800000 0.02000000 0.09600000
v 0.19800000 -0.02000000 0.09600000
v 0.19800000 0.02000000 0.05000000
v -0.02200000 -0.01800000 0.05200000
v -0.02200000 0.01800000 0.05200000
v -0.02200000 -0.01800000 0.00000000
v 0.17800000 -0.01800000 0.00000000
v -0.02200000 -0.01800000 0.05200000
v -0.02200000 -0.01800000 0.00000000
v -0.02200000 -0.01800000 0.00000000
v -0.02200000 0.01800000 0.05200000
v -0.02200000 0.01800000 0.00000000
v -0.02200000 0.01800000 0.00000000
v 0.17800000 -0.01800000 0.00000000
v -0.02200000 -0.01800000 0.00000000
v -0.02200000 -0.01800000 0.05200000
v 0.17800000 0.01800000 0.05200000
v -0.02200000 0.01800000 0.05200000
v 0.17800000 -0.01800000 0.05200000
v -0.02200000 -0.01800000 0.05200000
v 0.17800000 -0.01800000 0.00000000
v 0.17800000 -0.01800000 0.05200000
v 0.17800000 0.01800000 0.05200000
v -0.02200000 -0.01800000 0.05200000
v -0.02200000 0.01800000 0.05200000
v 0.17800000 0.01800000 0.05200000
v -0.02200000 0.01800000 0.00000000
v 0.17800000 0.01800000 0.00000000
v 0.17800000 -0.01800000 0.00000000
v -0.02200000 0.01800000 0.00000000
v -0.02200000 0.01800000 0.00000000
v 0.17800000 0.01800000 0.05200000
v 0.17800000 0.01800000 0.00000000
v 0.17800000 0.01800000 0.00000000
v 0.17800000 -0.01800000 0.05200000
v 0.17800000 -0.01800000 0.00000000
v 0.17800000 0.01800000 0.05200000
v 0.17800000 -0.01800000 0.05200000
v 0.17800000 0.01800000 0.00000000
v 0.07550000 -0.02000000 0.00700000
v 0.07550000 0.02000000 0.00700000
v 0.07550000 -0.02000000 -0.02300000
v 0.15050000 -0.02000000 -0.02300000
v 0.07550000 -0.02000000 0.00700000
v 0.07550000 -0.02000000 -0.02300000
v 0.07550000 -0.02000000 -0.02300000
v 0.07550000 0.02000000 0.00700000
v 0.07550000 0.02000000 -0.02300000
v 0.07550000 0.02000000 -0.02300000
v 0.15050000 -0.02000000 -0.02300000
v 0.07550000 -0.02000000 -0.02300000
v 0.07550000 -0.02000000 0.00700000
v 0.15050000 0.02000000 0.00700000
v 0.07550000 0.02000000 0.00700000
v 0.15050000 -0.02000000 0.00700000
v 0.07550000 -0.02000000 0.00700000
v 0.15050000 -0.02000000 -0.02300000
v 0.15050000 -0.02000000 0.00700000
v 0.15050000 0.02000000 0.00700000
v 0.07550000 -0.02000000 0.00700000
v 0.07550000 0.02000000 0.00700000
v 0.15050000 0.02000000 0.00700000
v 0.07550000 0.02000000 -0.02300000
v 0.15050000 0.02000000 -0.02300000
v 0.15050000 -0.02000000 -0.02300000
v 0.07550000 0.02000000 -0.02300000
v 0.07550000 0.02000000 -0.02300000
v 0.15050000 0.02000000 0.00700000
v 0.15050000 0.02000000 -0.02300000
v 0.15050000 0.02000000 -0.02300000
v 0.15050000 -0.02000000 0.00700000
v 0.15050000 -0.02000000 -0.02300000
v 0.15050000 0.02000000 0.00700000
v 0.15050000 -0.02000000 0.00700000
v 0.15050000 0.02000000 -0.02300000
v -0.04200000 -0.01500000 0.10200000
v -0.04200000 0.01500000 0.10200000
v -0.04200000 -0.01500000 0.09600000
v 0.19800000 -0.01500000 0.09600000
v -0.04200000 -0.01500000 0.10200000
v -0.04200000 -0.01500000 0.09600000
v -0.04200000 -0.01500000 0.09600000
v -0.04200000 0.01500000 0.10200000
v -0.04200000 0.01500000 0.09600000
v -0.04200000 0.01500000 0.09600000
v 0.19800000 -0.01500000 0.09600000
v -0.04200000 -0.01500000 0.09600000
v -0.04200000 -0.01500000 0.10200000
v 0.19800000 0.01500000 0.10200000
v -0.04200000 0.01500000 0.10200000
v 0.19800000 -0.01500000 0.10200000
v -0.04200000 -0.01500000 0.10200000
v 0.19800000 -0.01500000 0.09600000
v 0.19800000 -0.01500000 0.10200000
v 0.19800000 0.01500000 0.10200000
v -0.04200000 -0.01500000 0.10200000
v -0.04200000 0.01500000 0.10200000
v 0.19800000 0.01500000 0.10200000
v -0.04200000 0.01500000 0.09600000
v 0.19800000 0.01500000 0.09600000
v 0.19800000 -0.01500000 0.09600000
v -0.04200000 0.01500000 0.09600000
v -0.04200000 0.01500000 0.09600000
v 0.19800000 0.01500000 0.10200000
v 0.19800000 0.01500000 0.09600000
v 0.19800000 0.01500000 0.09600000
v 0.19800000 -0.01500000 0.10200000
v 0.19800000 -0.01500000 0.09600000
v 0.19800000 0.01500000 0.10200000
v 0.19800000 -0.01500000 0.10200000
v 0.19800000 0.01500000 0.09600000
v 0.19800000 -0.01500000 0.10100000
v 0.19800000 0.01500000 0.10100000
v 0.19800000 -0.01500000 0.09100000
v 0.48300000 -0.01500000 0.09100000
v 0.19800000 -0.01500000 0.10100000
v 0.19800000 -0.01500000 0.09100000
v 0.19800000 -0.01500000 0.09100000
v 0.19800000 0.01500000 0.10100000
v 0.19800000 0.01500000 0.09100000
v 0.19800000 0.01500000 0.09100000
v 0.48300000 -0.01500000 0.09100000
v 0.19800000 -0.01500000 0.09100000
v 0.19800000 -0.01500000 0.10100000
v 0.48300000 0.01500000 0.10100000
v 0.19800000 0.01500000 0.10100000
v 0.48300000 -0.01500000 0.10100000
v 0.19800000 -0.01500000 0.10100000
v 0.48300000 -0.01500000 0.09100000
v 0.48300000 -0.01500000 0.10100000
v 0.48300000 0.01500000 0.10100000
v 0.19800000 -0.01500000 0.10100000
v 0.19800000 0.01500000 0.10100000
v 0.48300000 0.01500000 0.10100000
v 0.19800000 0.01500000 0.09100000
v 0.48300000 0.01500000 0.09100000
v 0.48300000 -0.01500000 0.09100000
v 0.19800000 0.01500000 0.09100000
v 0.19800000 0.01500000 0.09100000
v 0.48300000 0.01500000 0.10100000
v 0.48300000 0.01500000 0.09100000
v 0.48300000 0.01500000 0.09100000
v 0.48300000 -0.01500000 0.10100000
v 0.48300000 -0.01500000 0.09100000
v 0.48300000 0.01500000 0.10100000
v 0.48300000 -0.01500000 0.10100000
v 0.48300000 0.01500000 0.09100000
v -0.03000000 -0.01600000 0.10700000
v -0.03000000 0.01600000 0.10700000
v -0.03000000 -0.01600000 0.10200000
v -0.02400000 -0.01600000 0.10200000
v -0.03000000 -0.01600000 0.10700000
v -0.03000000 -0.01600000 0.10200000
v -0.03000000 -0.01600000 0.10200000
v -0.03000000 0.01600000 0.10700000
v -0.03000000 0.01600000 0.10200000
v -0.03000000 0.01600000 0.10200000
v -0.02400000 -0.01600000 0.10200000
v -0.03000000 -0.01600000 0.10200000
v -0.03000000 -0.01600000 0.10700000
v -0.02400000 0.01600000 0.10700000
v -0.03000000 0.01600000 0.10700000
v -0.02400000 -0.01600000 0.10700000
v -0.03000000 -0.01600000 0.10700000
v -0.02400000 -0.01600000 0.10200000
v -0.02400000 -0.01600000 0.10700000
v -0.02400000 0.01600000 0.10700000
v -0.03000000 -0.01600000 0.10700000
v -0.03000000 0.01600000 0.10700000
v -0.02400000 0.01600000 0.10700000
v -0.03000000 0.01600000 0.10200000
v -0.02400000 0.01600000 0.10200000
v -0.02400000 -0.01600000 0.10200000
v -0.03000000 0.01600000 0.10200000
v -0.03000000 0.01600000 0.10200000
v -0.02400000 0.01600000 0.10700000
v -0.02400000 0.01600000 0.10200000
v -0.02400000 0.01600000 0.10200000
v -0.02400000 -0.01600000 0.10700000
v -0.02400000 -0.01600000 0.10200000
v -0.02400000 0.01600000 0.10700000
v -0.02400000 -0.01600000 0.10700000
v -0.02400000 0.01600000 0.10200000
v -0.00500000 -0.01600000 0.10700000
v -0.00500000 0.01600000 0.10700000
v -0.00500000 -0.01600000 0.10200000
v 0.00100000 -0.01600000 0.10200000
v -0.00500000 -0.01600000 0.10700000
v -0.00500000 -0.01600000 0.10200000
v -0.00500000 -0.01600000 0.10200000
v -0.00500000 0.01600000 0.10700000
v -0.00500000 0.01600000 0.10200000
v -0.00500000 0.01600000 0.10200000
v 0.00100000 -0.01600000 0.10200000
v -0.00500000 -0.01600000 0.10200000
v -0.00500000 -0.01600000 0.10700000
v 0.00100000 0.01600000 0.10700000
v -0.00500000 0.01600000 0.10700000
v 0.00100000 -0.01600000 0.10700000
v -0.00500000 -0.01600000 0.10700000
v 0.00100000 -0.01600000 0.10200000
v 0.00100000 -0.01600000 0.10700000
v 0.00100000 0.01600000 0.10700000
v -0.00500000 -0.01600000 0.10700000
v -0.00500000 0.01600000 0.10700000
v 0.00100000 0.01600000 0.10700000
v -0.00500000 0.01600000 0.10200000
v 0.00100000 0.01600000 0.10200000
v 0.00100000 -0.01600000 0.10200000
v -0.00500000 0.01600000 0.10200000
v -0.00500000 0.01600000 0.10200000
v 0.00100000 0.01600000 0.10700000
v 0.00100000 0.01600000 0.10200000
v 0.00100000 0.01600000 0.10200000
v 0.00100000 -0.01600000 0.10700000
v 0.00100000 -0.01600000 0.10200000
v 0.00100000 0.01600000 0.10700000
v 0.00100000 -0.01600000 0.10700000
v 0.00100000 0.01600000 0.10200000
v 0.02000000 -0.01600000 0.10700000
v 0.02000000 0.01600000 0.10700000
v 0.02000000 -0.01600000 0.10200000
v 0.02600000 -0.01600000 0.10200000
v 0.02000000 -0.01600000 0.10700000
v 0.02000000 -0.01600000 0.10200000
v 0.02000000 -0.01600000 0.10200000
v 0.02000000 0.01600000 0.10700000
v 0.02000000 0.01600000 0.10200000
v 0.02000000 0.01600000 0.10200000
v 0.02600000 -0.01600000 0.10200000
v 0.02000000 -0.01600000 0.10200000
v 0.02000000 -0.01600000 0.10700000
v 0.02600000 0.01600000 0.10700000
v 0.02000000 0.01600000 0.10700000
v 0.02600000 -0.01600000 0.10700000
v 0.02000000 -0.01600000 0.10700000
v 0.02600000 -0.01600000 0.10200000
v 0.02600000 -0.01600000 0.10700000
v 0.02600000 0.01600000 0.10700000
v 0.02000000 -0.01600000 0.10700000
v 0.02000000 0.01600000 0.10700000
v 0.02600000 0.01600000 0.10700000
v 0.02000000 0.01600000 0.10200000
v 0.02600000 0.01600000 0.10200000
v 0.02600000 -0.01600000 0.10200000
v 0.02000000 0.01600000 0.10200000
v 0.02000000 0.01600000 0.10200000
v 0.02600000 0.01600000 0.10700000
v 0.02600000 0.01600000 0.10200000
v 0.02600000 0.01600000 0.10200000
v 0.02600000 -0.01600000 0.10700000
v 0.02600000 -0.01600000 0.10200000
v 0.02600000 0.01600000 0.10700000
v 0.02600000 -0.01600000 0.10700000
v 0.02600000 0.01600000 0.10200000
v 0.04500000 -0.01600000 0.10700000
v 0.04500000 0.01600000 0.10700000
v 0.04500000 -0.01600000 0.10200000
v 0.05100000 -0.01600000 0.10200000
v 0.04500000 -0.01600000 0.10700000
v 0.04500000 -0.01600000 0.10200000
v 0.04500000 -0.01600000 0.10200000
v 0.04500000 0.01600000 0.10700000
v 0.04500000 0.01600000 0.10200000
v 0.04500000 0.01600000 0.10200000
v 0.05100000 -0.01600000 0.10200000
v 0.04500000 -0.01600000 0.10200000
v 0.04500000 -0.01600000 0.10700000
v 0.05100000 0.01600000 0.10700000
v 0.04500000 0.01600000 0.10700000
v 0.05100000 -0.01600000 0.10700000
v 0.04500000 -0.01600000 0.10700000
v 0.05100000 -0.01600000 0.10200000
v 0.05100000 -0.01600000 0.10700000
v 0.05100000 0.01600000 0.10700000
v 0.04500000 -0.01600000 0.10700000
v 0.04500000 0.01600000 0.10700000
v 0.05100000 0.01600000 0.10700000
v 0.04500000 0.01600000 0.10200000
v 0.05100000 0.01600000 0.10200000
v 0.05100000 -0.01600000 0.10200000
v 0.04500000 0.01600000 0.10200000
v 0.04500000 0.01600000 0.10200000
v 0.05100000 0.01600000 0.10700000
v 0.05100000 0.01600000 0.10200000
v 0.05100000 0.01600000 0.10200000
v 0.05100000 -0.01600000 0.10700000
v 0.05100000 -0.01600000 0.10200000
v 0.05100000 0.01600000 0.10700000
v 0.05100000 -0.01600000 0.10700000
v 0.05100000 0.01600000 0.10200000
v 0.07000000 -0.01600000 0.10700000
v 0.07000000 0.01600000 0.10700000
v 0.07000000 -0.01600000 0.10200000
v 0.07600000 -0.01600000 0.10200000
v 0.07000000 -0.01600000 0.10700000
v 0.07000000 -0.01600000 0.10200000
v 0.07000000 -0.01600000 0.10200000
v 0.07000000 0.01600000 0.10700000
v 0.07000000 0.01600000 0.10200000
v 0.07000000 0.01600000 0.10200000
v 0.07600000 -0.01600000 0.10200000
v 0.07000000 -0.01600000 0.10200000
v 0.07000000 -0.01600000 0.10700000
v 0.07600000 0.01600000 0.10700000
v 0.07000000 0.01600000 0.10700000
v 0.07600000 -0.01600000 0.10700000
v 0.07000000 -0.01600000 0.10700000
v 0.07600000 -0.01600000 0.10200000
v 0.07600000 -0.01600000 0.10700000
v 0.07600000 0.01600000 0.10700000
v 0.07000000 -0.01600000 0.10700000
v 0.07000000 0.01600000 0.10700000
v 0.07600000 0.01600000 0.10700000
v 0.07000000 0.01600000 0.10200000
v 0.07600000 0.01600000 0.10200000
v 0.07600000 -0.01600000 0.10200000
v 0.07000000 0.01600000 0.10200000
v 0.07000000 0.01600000 0.10200000
v 0.07600000 0.01600000 0.10700000
v 0.07600000 0.01600000 0.10200000
v 0.07600000 0.01600000 0.10200000
v 0.07600000 -0.01600000 0.10700000
v 0.07600000 -0.01600000 0.10200000
v 0.07600000 0.01600000 0.10700000
v 0.07600000 -0.01600000 0.10700000
v 0.07600000 0.01600000 0.10200000
v 0.09500000 -0.01600000 0.10700000
v 0.09500000 0.01600000 0.10700000
v 0.09500000 -0.01600000 0.10200000
v 0.10100000 -0.01600000 0.10200000
v 0.09500000 -0.01600000 0.10700000
v 0.09500000 -0.01600000 0.10200000
v 0.09500000 -0.01600000 0.10200000
v 0.09500000 0.01600000 0.10700000
v 0.09500000 0.01600000 0.10200000
v 0.09500000 0.01600000 0.10200000
v 0.10100000 -0.01600000 0.10200000
v 0.09500000 -0.01600000 0.10200000
v 0.09500000 -0.01600000 0.10700000
v 0.10100000 0.01600000 0.10700000
v 0.09500000 0.01600000 0.10700000
v 0.10100000 -0.01600000 0.10700000
v 0.09500000 -0.01600000 0.10700000
v 0.10100000 -0.01600000 0.10200000
v 0.10100000 -0.01600000 0.10700000
v 0.10100000 0.01600000 0.10700000
v 0.09500000 -0.01600000 0.10700000
v 0.09500000 0.01600000 0.10700000
v 0.10100000 0.01600000 0.10700000
v 0.09500000 0.01600000 0.10200000
v 0.10100000 0.01600000 0.10200000
v 0.10100000 -0.01600000 0.10200000
v 0.09500000 0.01600000 0.10200000
v 0.09500000 0.01600000 0.10200000
v 0.10100000 0.01600000 0.10700000
v 0.10100000 0.01600000 0.10200000
v 0.10100000 0.01600000 0.10200000
v 0.10100000 -0.01600000 0.10700000
v 0.10100000 -0.01600000 0.10200000
v 0.10100000 0.01600000 0.10700000
v 0.10100000 -0.01600000 0.10700000
v 0.10100000 0.01600000 0.10200000
v 0.12000000 -0.01600000 0.10700000
v 0.12000000 0.01600000 0.10700000
v 0.12000000 -0.01600000 0.10200000
v 0.12600000 -0.01600000 0.10200000
v 0.12000000 -0.01600000 0.10700000
v 0.12000000 -0.01600000 0.10200000
v 0.12000000 -0.01600000 0.10200000
v 0.12000000 0.01600000 0.10700000
v 0.12000000 0.01600000 0.10200000
v 0.12000000 0.01600000 0.10200000
v 0.12600000 -0.01600000 0.10200000
v 0.12000000 -0.01600000 0.10200000
v 0.12000000 -0.01600000 0.10700000
v 0.12600000 0.01600000 0.10700000
v 0.12000000 0.01600000 0.10700000
v 0.12600000 -0.01600000 0.10700000
v 0.12000000 -0.01600000 0.10700000
v 0.12600000 -0.01600000 0.10200000
v 0.12600000 -0.01600000 0.10700000
v 0.12600000 0.01600000 0.10700000
v 0.12000000 -0.01600000 0.10700000
v 0.12000000 0.01600000 0.10700000
v 0.12600000 0.01600000 0.10700000
v 0.12000000 0.01600000 0.10200000
v 0.12600000 0.01600000 0.10200000
v 0.12600000 -0.01600000 0.10200000
v 0.12000000 0.01600000 0.10200000
v 0.12000000 0.01600000 0.10200000
v 0.12600000 0.01600000 0.10700000
v 0.12600000 0.01600000 0.10200000
v 0.12600000 0.01600000 0.10200000
v 0.12600000 -0.01600000 0.10700000
v 0.12600000 -0.01600000 0.10200000
v 0.12600000 0.01600000 0.10700000
v 0.12600000 -0.01600000 0.10700000
v 0.12600000 0.01600000 0.10200000
v 0.14500000 -0.01600000 0.10700000
v 0.14500000 0.01600000 0.10700000
v 0.14500000 -0.01600000 0.10200000
v 0.15100000 -0.01600000 0.10200000
v 0.14500000 -0.01600000 0.10700000
v 0.14500000 -0.01600000 0.10200000
v 0.14500000 -0.01600000 0.10200000
v 0.14500000 0.01600000 0.10700000
v 0.14500000 0.01600000 0.10200000
v 0.14500000 0.01600000 0.10200000
v 0.15100000 -0.01600000 0.10200000
v 0.14500000 -0.01600000 0.10200000
v 0.14500000 -0.01600000 0.10700000
v 0.15100000 0.01600000 0.10700000
v 0.14500000 0.01600000 0.10700000
v 0.15100000 -0.01600000 0.10700000
v 0.14500000 -0.01600000 0.10700000
v 0.15100000 -0.01600000 0.10200000
v 0.15100000 -0.01600000 0.10700000
v 0.15100000 0.01600000 0.10700000
v 0.14500000 -0.01600000 0.10700000
v 0.14500000 0.01600000 0.10700000
v 0.15100000 0.01600000 0.10700000
v 0.14500000 0.01600000 0.10200000
v 0.15100000 0.01600000 0.10200000
v 0.15100000 -0.01600000 0.10200000
v 0.14500000 0.01600000 0.10200000
v 0.14500000 0.01600000 0.10200000
v 0.15100000 0.01600000 0.10700000
v 0.15100000 0.01600000 0.10200000
v 0.15100000 0.01600000 0.10200000
v 0.15100000 -0.01600000 0.10700000
v 0.15100000 -0.01600000 0.10200000
v 0.15100000 0.01600000 0.10700000
v 0.15100000 -0.01600000 0.10700000
v 0.15100000 0.01600000 0.10200000
v 0.17000000 -0.01600000 0.10700000
v 0.17000000 0.01600000 0.10700000
v 0.17000000 -0.01600000 0.10200000
v 0.17600000 -0.01600000 0.10200000
v 0.17000000 -0.01600000 0.10700000
v 0.17000000 -0.01600000 0.10200000
v 0.17000000 -0.01600000 0.10200000
v 0.17000000 0.01600000 0.10700000
v 0.17000000 0.01600000 0.10200000
v 0.17000000 0.01600000 0.10200000
v 0.17600000 -0.01600000 0.10200000
v 0.17000000 -0.01600000 0.10200000
v 0.17000000 -0.01600000 0.10700000
v 0.17600000 0.01600000 0.10700000
v 0.17000000 0.01600000 0.10700000
v 0.17600000 -0.01600000 0.10700000
v 0.17000000 -0.01600000 0.10700000
v 0.17600000 -0.01600000 0.10200000
v 0.17600000 -0.01600000 0.10700000
v 0.17600000 0.01600000 0.10700000
v 0.17000000 -0.01600000 0.10700000
v 0.17000000 0.01600000 0.10700000
v 0.17600000 0.01600000 0.10700000
v 0.17000000 0.01600000 0.10200000
v 0.17600000 0.01600000 0.10200000
v 0.17600000 -0.01600000 0.10200000
v 0.17000000 0.01600000 0.10200000
v 0.17000000 0.01600000 0.10200000
v 0.17600000 0.01600000 0.10700000
v 0.17600000 0.01600000 0.10200000
v 0.17600000 0.01600000 0.10200000
v 0.17600000 -0.01600000 0.10700000
v 0.17600000 -0.01600000 0.10200000
v 0.17600000 0.01600000 0.10700000
v 0.17600000 -0.01600000 0.10700000
v 0.17600000 0.01600000 0.10200000
v 0.19500000 -0.01600000 0.10700000
v 0.19500000 0.01600000 0.10700000
v 0.19500000 -0.01600000 0.10200000
v 0.20100000 -0.01600000 0.10200000
v 0.19500000 -0.01600000 0.10700000
v 0.19500000 -0.01600000 0.10200000
v 0.19500000 -0.01600000 0.10200000
v 0.19500000 0.01600000 0.10700000
v 0.19500000 0.01600000 0.10200000
v 0.19500000 0.01600000 0.10200000
v 0.20100000 -0.01600000 0.10200000
v 0.19500000 -0.01600000 0.10200000
v 0.19500000 -0.01600000 0.10700000
v 0.20100000 0.01600000 0.10700000
v 0.19500000 0.01600000 0.10700000
v 0.20100000 -0.01600000 0.10700000
v 0.19500000 -0.01600000 0.10700000
v 0.20100000 -0.01600000 0.10200000
v 0.20100000 -0.01600000 0.10700000
v 0.20100000 0.01600000 0.10700000
v 0.19500000 -0.01600000 0.10700000
v 0.19500000 0.01600000 0.10700000
v 0.20100000 0.01600000 0.10700000
v 0.19500000 0.01600000 0.10200000
v 0.20100000 0.01600000 0.10200000
v 0.20100000 -0.01600000 0.10200000
v 0.19500000 0.01600000 0.10200000
v 0.19500000 0.01600000 0.10200000
v 0.20100000 0.01600000 0.10700000
v 0.20100000 0.01600000 0.10200000
v 0.20100000 0.01600000 0.10200000
v 0.20100000 -0.01600000 0.10700000
v 0.20100000 -0.01600000 0.10200000
v 0.20100000 0.01600000 0.10700000
v 0.20100000 -0.01600000 0.10700000
v 0.20100000 0.01600000 0.10200000
v 0.22000000 -0.01600000 0.10700000
v 0.22000000 0.01600000 0.10700000
v 0.22000000 -0.01600000 0.10200000
v 0.22600000 -0.01600000 0.10200000
v 0.22000000 -0.01600000 0.10700000
v 0.22000000 -0.01600000 0.10200000
v 0.22000000 -0.01600000 0.10200000
v 0.22000000 0.01600000 0.10700000
v 0.22000000 0.01600000 0.10200000
v 0.22000000 0.01600000 0.10200000
v 0.22600000 -0.01600000 0.10200000
v 0.22000000 -0.01600000 0.10200000
v 0.22000000 -0.01600000 0.10700000
v 0.22600000 0.01600000 0.10700000
v 0.22000000 0.01600000 0.10700000
v 0.22600000 -0.01600000 0.10700000
v 0.22000000 -0.01600000 0.10700000
v 0.22600000 -0.01600000 0.10200000
v 0.22600000 -0.01600000 0.10700000
v 0.22600000 0.01600000 0.10700000
v 0.22000000 -0.01600000 0.10700000
v 0.22000000 0.01600000 0.10700000
v 0.22600000 0.01600000 0.10700000
v 0.22000000 0.01600000 0.10200000
v 0.22600000 0.01600000 0.10200000
v 0.22600000 -0.01600000 0.10200000
v 0.22000000 0.01600000 0.10200000
v 0.22000000 0.01600000 0.10200000
v 0.22600000 0.01600000 0.10700000
v 0.22600000 0.01600000 0.10200000
v 0.22600000 0.01600000 0.10200000
v 0.22600000 -0.01600000 0.10700000
v 0.22600000 -0.01600000 0.10200000
v 0.22600000 0.01600000 0.10700000
v 0.22600000 -0.01600000 0.10700000
v 0.22600000 0.01600000 0.10200000
v 0.24500000 -0.01600000 0.10700000
v 0.24500000 0.01600000 0.10700000
v 0.24500000 -0.01600000 0.10200000
v 0.25100000 -0.01600000 0.10200000
v 0.24500000 -0.01600000 0.10700000
v 0.24500000 -0.01600000 0.10200000
v 0.24500000 -0.01600000 0.10200000
v 0.24500000 0.01600000 0.10700000
v 0.24500000 0.01600000 0.10200000
v 0.24500000 0.01600000 0.10200000
v 0.25100000 -0.01600000 0.10200000
v 0.24500000 -0.01600000 0.10200000
v 0.24500000 -0.01600000 0.10700000
v 0.25100000 0.01600000 0.10700000
v 0.24500000 0.01600000 0.10700000
v 0.25100000 -0.01600000 0.10700000
v 0.24500000 -0.01600000 0.10700000
v 0.25100000 -0.01600000 0.10200000
v 0.25100000 -0.01600000 0.10700000
v 0.25100000 0.01600000 0.10700000
v 0.24500000 -0.01600000 0.10700000
v 0.24500000 0.01600000 0.10700000
v 0.25100000 0.01600000 0.10700000
v 0.24500000 0.01600000 0.10200000
v 0.25100000 0.01600000 0.10200000
v 0.25100000 -0.01600000 0.10200000
v 0.24500000 0.01600000 0.10200000
v 0.24500000 0.01600000 0.10200000
v 0.25100000 0.01600000 0.10700000
v 0.25100000 0.01600000 0.10200000
v 0.25100000 0.01600000 0.10200000
v 0.25100000 -0.01600000 0.10700000
v 0.25100000 -0.01600000 0.10200000
v 0.25100000 0.01600000 0.10700000
v 0.25100000 -0.01600000 0.10700000
v 0.25100000 0.01600000 0.10200000
v 0.27000000 -0.01600000 0.10700000
v 0.27000000 0.01600000 0.10700000
v 0.27000000 -0.01600000 0.10200000
v 0.27600000 -0.01600000 0.10200000
v 0.27000000 -0.01600000 0.10700000
v 0.27000000 -0.01600000 0.10200000
v 0.27000000 -0.01600000 0.10200000
v 0.27000000 0.01600000 0.10700000
v 0.27000000 0.01600000 0.10200000
v 0.27000000 0.01600000 0.10200000
v 0.27600000 -0.01600000 0.10200000
v 0.27000000 -0.01600000 0.10200000
v 0.27000000 -0.01600000 0.10700000
v 0.27600000 0.01600000 0.10700000
v 0.27000000 0.01600000 0.10700000
v 0.27600000 -0.01600000 0.10700000
v 0.27000000 -0.01600000 0.10700000
v 0.27600000 -0.01600000 0.10200000
v 0.27600000 -0.01600000 0.10700000
v 0.27600000 0.01600000 0.10700000
v 0.27000000 -0.01600000 0.10700000
v 0.27000000 0.01600000 0.10700000
v 0.27600000 0.01600000 0.10700000
v 0.27000000 0.01600000 0.10200000
v 0.27600000 0.01600000 0.10200000
v 0.27600000 -0.01600000 0.10200000
v 0.27000000 0.01600000 0.10200000
v 0.27000000 0.01600000 0.10200000
v 0.27600000 0.01600000 0.10700000
v 0.27600000 0.01600000 0.10200000
v 0.27600000 0.01600000 0.10200000
v 0.27600000 -0.01600000 0.10700000
v 0.27600000 -0.01600000 0.10200000
v 0.27600000 0.01600000 0.10700000
v 0.27600000 -0.01600000 0.10700000
v 0.27600000 0.01600000 0.10200000
v 0.29500000 -0.01600000 0.10700000
v 0.29500000 0.01600000 0.10700000
v 0.29500000 -0.01600000 0.10200000
v 0.30100000 -0.01600000 0.10200000
v 0.29500000 -0.01600000 0.10700000
v 0.29500000 -0.01600000 0.10200000
v 0.29500000 -0.01600000 0.10200000
v 0.29500000 0.01600000 0.10700000
v 0.29500000 0.01600000 0.10200000
v 0.29500000 0.01600000 0.10200000
v 0.30100000 -0.01600000 0.10200000
v 0.29500000 -0.01600000 0.10200000
v 0.29500000 -0.01600000 0.10700000
v 0.30100000 0.01600000 0.10700000
v 0.29500000 0.01600000 0.10700000
v 0.30100000 -0.01600000 0.10700000
v 0.29500000 -0.01600000 0.10700000
v 0.30100000 -0.01600000 0.10200000
v 0.30100000 -0.01600000 0.10700000
v 0.30100000 0.01600000 0.10700000
v 0.29500000 -0.01600000 0.10700000
v 0.29500000 0.01600000 0.10700000
v 0.30100000 0.01600000 0.10700000
v 0.29500000 0.01600000 0.10200000
v 0.30100000 0.01600000 0.10200000
v 0.30100000 -0.01600000 0.10200000
v 0.29500000 0.01600000 0.10200000
v 0.29500000 0.01600000 0.10200000
v 0.30100000 0.01600000 0.10700000
v 0.30100000 0.01600000 0.10200000
v 0.30100000 0.01600000 0.10200000
v 0.30100000 -0.01600000 0.10700000
v 0.30100000 -0.01600000 0.10200000
v 0.30100000 0.01600000 0.10700000
v 0.30100000 -0.01600000 0.10700000
v 0.30100000 0.01600000 0.10200000
v 0.32000000 -0.01600000 0.10700000
v 0.32000000 0.01600000 0.10700000
v 0.32000000 -0.01600000 0.10200000
v 0.32600000 -0.01600000 0.10200000
v 0.32000000 -0.01600000 0.10700000
v 0.32000000 -0.01600000 0.10200000
v 0.32000000 -0.01600000 0.10200000
v 0.32000000 0.01600000 0.10700000
v 0.32000000 0.01600000 0.10200000
v 0.32000000 0.01600000 0.10200000
v 0.32600000 -0.01600000 0.10200000
v 0.32000000 -0.01600000 0.10200000
v 0.32000000 -0.01600000 0.10700000
v 0.32600000 0.01600000 0.10700000
v 0.32000000 0.01600000 0.10700000
v 0.32600000 -0.01600000 0.10700000
v 0.32000000 -0.01600000 0.10700000
v 0.32600000 -0.01600000 0.10200000
v 0.32600000 -0.01600000 0.10700000
v 0.32600000 0.01600000 0.10700000
v 0.32000000 -0.01600000 0.10700000
v 0.32000000 0.01600000 0.10700000
v 0.32600000 0.01600000 0.10700000
v 0.32000000 0.01600000 0.10200000
v 0.32600000 0.01600000 0.10200000
v 0.32600000 -0.01600000 0.10200000
v 0.32000000 0.01600000 0.10200000
v 0.32000000 0.01600000 0.10200000
v 0.32600000 0.01600000 0.10700000
v 0.32600000 0.01600000 0.10200000
v 0.32600000 0.01600000 0.10200000
v 0.32600000 -0.01600000 0.10700000
v 0.32600000 -0.01600000 0.10200000
v 0.32600000 0.01600000 0.10700000
v 0.32600000 -0.01600000 0.10700000
v 0.32600000 0.01600000 0.10200000
v 0.34500000 -0.01600000 0.10700000
v 0.34500000 0.01600000 0.10700000
v 0.34500000 -0.01600000 0.10200000
v 0.35100000 -0.01600000 0.10200000
v 0.34500000 -0.01600000 0.10700000
v 0.34500000 -0.01600000 0.10200000
v 0.34500000 -0.01600000 0.10200000
v 0.34500000 0.01600000 0.10700000
v 0.34500000 0.01600000 0.10200000
v 0.34500000 0.01600000 0.10200000
v 0.35100000 -0.01600000 0.10200000
v 0.34500000 -0.01600000 0.10200000
v 0.34500000 -0.01600000 0.10700000
v 0.35100000 0.01600000 0.10700000
v 0.34500000 0.01600000 0.10700000
v 0.35100000 -0.01600000 0.10700000
v 0.34500000 -0.01600000 0.10700000
v 0.35100000 -0.01600000 0.10200000
v 0.35100000 -0.01600000 0.10700000
v 0.35100000 0.01600000 0.10700000
v 0.34500000 -0.01600000 0.10700000
v 0.34500000 0.01600000 0.10700000
v 0.35100000 0.01600000 0.10700000
v 0.34500000 0.01600000 0.10200000
v 0.35100000 0.01600000 0.10200000
v 0.35100000 -0.01600000 0.10200000
v 0.34500000 0.01600000 0.10200000
v 0.34500000 0.01600000 0.10200000
v 0.35100000 0.01600000 0.10700000
v 0.35100000 0.01600000 0.10200000
v 0.35100000 0.01600000 0.10200000
v 0.35100000 -0.01600000 0.10700000
v 0.35100000 -0.01600000 0.10200000
v 0.35100000 0.01600000 0.10700000
v 0.35100000 -0.01600000 0.10700000
v 0.35100000 0.01600000 0.10200000
v 0.37000000 -0.01600000 0.10700000
v 0.37000000 0.01600000 0.10700000
v 0.37000000 -0.01600000 0.10200000
v 0.37600000 -0.01600000 0.10200000
v 0.37000000 -0.01600000 0.10700000
v 0.37000000 -0.01600000 0.10200000
v 0.37000000 -0.01600000 0.10200000
v 0.37000000 0.01600000 0.10700000
v 0.37000000 0.01600000 0.10200000
v 0.37000000 0.01600000 0.10200000
v 0.37600000 -0.01600000 0.10200000
v 0.37000000 -0.01600000 0.10200000
v 0.37000000 -0.01600000 0.10700000
v 0.37600000 0.01600000 0.10700000
v 0.37000000 0.01600000 0.10700000
v 0.37600000 -0.01600000 0.10700000
v 0.37000000 -0.01600000 0.10700000
v 0.37600000 -0.01600000 0.10200000
v 0.37600000 -0.01600000 0.10700000
v 0.37600000 0.01600000 0.10700000
v 0.37000000 -0.01600000 0.10700000
v 0.37000000 0.01600000 0.10700000
v 0.37600000 0.01600000 0.10700000
v 0.37000000 0.01600000 0.10200000
v 0.37600000 0.01600000 0.10200000
v 0.37600000 -0.01600000 0.10200000
v 0.37000000 0.01600000 0.10200000
v 0.37000000 0.01600000 0.10200000
v 0.37600000 0.01600000 0.10700000
v 0.37600000 0.01600000 0.10200000
v 0.37600000 0.01600000 0.10200000
v 0.37600000 -0.01600000 0.10700000
v 0.37600000 -0.01600000 0.10200000
v 0.37600000 0.01600000 0.10700000
v 0.37600000 -0.01600000 0.10700000
v 0.37600000 0.01600000 0.10200000
v 0.39500000 -0.01600000 0.10700000
v 0.39500000 0.01600000 0.10700000
v 0.39500000 -0.01600000 0.10200000
v 0.40100000 -0.01600000 0.10200000
v 0.39500000 -0.01600000 0.10700000
v 0.39500000 -0.01600000 0.10200000
v 0.39500000 -0.01600000 0.10200000
v 0.39500000 0.01600000 0.10700000
v 0.39500000 0.01600000 0.10200000
v 0.39500000 0.01600000 0.10200000
v 0.40100000 -0.01600000 0.10200000
v 0.39500000 -0.01600000 0.10200000
v 0.39500000 -0.01600000 0.10700000
v 0.40100000 0.01600000 0.10700000
v 0.39500000 0.01600000 0.10700000
v 0.40100000 -0.01600000 0.10700000
v 0.39500000 -0.01600000 0.10700000
v 0.40100000 -0.01600000 0.10200000
v 0.40100000 -0.01600000 0.10700000
v 0.40100000 0.01600000 0.10700000
v 0.39500000 -0.01600000 0.10700000
v 0.39500000 0.01600000 0.10700000
v 0.40100000 0.01600000 0.10700000
v 0.39500000 0.01600000 0.10200000
v 0.40100000 0.01600000 0.10200000
v 0.40100000 -0.01600000 0.10200000
v 0.39500000 0.01600000 0.10200000
v 0.39500000 0.01600000 0.10200000
v 0.40100000 0.01600000 0.10700000
v 0.40100000 0.01600000 0.10200000
v 0.40100000 0.01600000 0.10200000
v 0.40100000 -0.01600000 0.10700000
v 0.40100000 -0.01600000 0.10200000
v 0.40100000 0.01600000 0.10700000
v 0.40100000 -0.01600000 0.10700000
v 0.40100000 0.01600000 0.10200000
v 0.42000000 -0.01600000 0.10700000
v 0.42000000 0.01600000 0.10700000
v 0.42000000 -0.01600000 0.10200000
v 0.42600000 -0.01600000 0.10200000
v 0.42000000 -0.01600000 0.10700000
v 0.42000000 -0.01600000 0.10200000
v 0.42000000 -0.01600000 0.10200000
v 0.42000000 0.01600000 0.10700000
v 0.42000000 0.01600000 0.10200000
v 0.42000000 0.01600000 0.10200000
v 0.42600000 -0.01600000 0.10200000
v 0.42000000 -0.01600000 0.10200000
v 0.42000000 -0.01600000 0.10700000
v 0.42600000 0.01600000 0.10700000
v 0.42000000 0.01600000 0.10700000
v 0.42600000 -0.01600000 0.10700000
v 0.42000000 -0.01600000 0.10700000
v 0.42600000 -0.01600000 0.10200000
v 0.42600000 -0.01600000 0.10700000
v 0.42600000 0.01600000 0.10700000
v 0.42000000 -0.01600000 0.10700000
v 0.42000000 0.01600000 0.10700000
v 0.42600000 0.01600000 0.10700000
v 0.42000000 0.01600000 0.10200000
v 0.42600000 0.01600000 0.10200000
v 0.42600000 -0.01600000 0.10200000
v 0.42000000 0.01600000 0.10200000
v 0.42000000 0.01600000 0.10200000
v 0.42600000 0.01600000 0.10700000
v 0.42600000 0.01600000 0.10200000
v 0.42600000 0.01600000 0.10200000
v 0.42600000 -0.01600000 0.10700000
v 0.42600000 -0.01600000 0.10200000
v 0.42600000 0.01600000 0.10700000
v 0.42600000 -0.01600000 0.10700000
v 0.42600000 0.01600000 0.10200000
v 0.44500000 -0.01600000 0.10700000
v 0.44500000 0.01600000 0.10700000
v 0.44500000 -0.01600000 0.10200000
v 0.45100000 -0.01600000 0.10200000
v 0.44500000 -0.01600000 0.10700000
v 0.44500000 -0.01600000 0.10200000
v 0.44500000 -0.01600000 0.10200000
v 0.44500000 0.01600000 0.10700000
v 0.44500000 0.01600000 0.10200000
v 0.44500000 0.01600000 0.10200000
v 0.45100000 -0.01600000 0.10200000
v 0.44500000 -0.01600000 0.10200000
v 0.44500000 -0.01600000 0.10700000
v 0.45100000 0.01600000 0.10700000
v 0.44500000 0.01600000 0.10700000
v 0.45100000 -0.01600000 0.10700000
v 0.44500000 -0.01600000 0.10700000
v 0.45100000 -0.01600000 0.10200000
v 0.45100000 -0.01600000 0.10700000
v 0.45100000 0.01600000 0.10700000
v 0.44500000 -0.01600000 0.10700000
v 0.44500000 0.01600000 0.10700000
v 0.45100000 0.01600000 0.10700000
v 0.44500000 0.01600000 0.10200000
v 0.45100000 0.01600000 0.10200000
v 0.45100000 -0.01600000 0.10200000
v 0.44500000 0.01600000 0.10200000
v 0.44500000 0.01600000 0.10200000
v 0.45100000 0.01600000 0.10700000
v 0.45100000 0.01600000 0.10200000
v 0.45100000 0.01600000 0.10200000
v 0.45100000 -0.01600000 0.10700000
v 0.45100000 -0.01600000 0.10200000
v 0.45100000 0.01600000 0.10700000
v 0.45100000 -0.01600000 0.10700000
v 0.45100000 0.01600000 0.10200000
v 0.47000000 -0.01600000 0.10700000
v 0.47000000 0.01600000 0.10700000
v 0.47000000 -0.01600000 0.10200000
v 0.47600000 -0.01600000 0.10200000
v 0.47000000 -0.01600000 0.10700000
v 0.47000000 -0.01600000 0.10200000
v 0.47000000 -0.01600000 0.10200000
v 0.47000000 0.01600000 0.10700000
v 0.47000000 0.01600000 0.10200000
v 0.47000000 0.01600000 0.10200000
v 0.47600000 -0.01600000 0.10200000
v 0.47000000 -0.01600000 0.10200000
v 0.47000000 -0.01600000 0.10700000
v 0.47600000 0.01600000 0.10700000
v 0.47000000 0.01600000 0.10700000
v 0.47600000 -0.01600000 0.10700000
v 0.47000000 -0.01600000 0.10700000
v 0.47600000 -0.01600000 0.10200000
v 0.47600000 -0.01600000 0.10700000
v 0.47600000 0.01600000 0.10700000
v 0.47000000 -0.01600000 0.10700000
v 0.47000000 0.01600000 0.10700000
v 0.47600000 0.01600000 0.10700000
v 0.47000000 0.01600000 0.10200000
v 0.47600000 0.01600000 0.10200000
v 0.47600000 -0.01600000 0.10200000
v 0.47000000 0.01600000 0.10200000
v 0.47000000 0.01600000 0.10200000
v 0.47600000 0.01600000 0.10700000
v 0.47600000 0.01600000 0.10200000
v 0.47600000 0.01600000 0.10200000
v 0.47600000 -0.01600000 0.10700000
v 0.47600000 -0.01600000 0.10200000
v 0.47600000 0.01600000 0.10700000
v 0.47600000 -0.01600000 0.10700000
v 0.47600000 0.01600000 0.10200000
v 0.06050000 -0.02300000 0.08600000
v 0.06050000 -0.01900000 0.08600000
v 0.06050000 -0.02300000 0.06200000
v 0.13550000 -0.02300000 0.06200000
v 0.06050000 -0.02300000 0.08600000
v 0.06050000 -0.02300000 0.06200000
v 0.06050000 -0.02300000 0.06200000
v 0.06050000 -0.01900000 0.08600000
v 0.06050000 -0.01900000 0.06200000
v 0.06050000 -0.01900000 0.06200000
v 0.13550000 -0.02300000 0.06200000
v 0.06050000 -0.02300000 0.06200000
v 0.06050000 -0.02300000 0.08600000
v 0.13550000 -0.01900000 0.08600000
v 0.06050000 -0.01900000 0.08600000
v 0.13550000 -0.02300000 0.08600000
v 0.06050000 -0.02300000 0.08600000
v 0.13550000 -0.02300000 0.06200000
v 0.13550000 -0.02300000 0.08600000
v 0.13550000 -0.01900000 0.08600000
v 0.06050000 -0.02300000 0.08600000
v 0.06050000 -0.01900000 0.08600000
v 0.13550000 -0.01900000 0.08600000
v 0.06050000 -0.01900000 0.06200000
v 0.13550000 -0.01900000 0.06200000
v 0.13550000 -0.02300000 0.06200000
v 0.06050000 -0.01900000 0.06200000
v 0.06050000 -0.01900000 0.06200000
v 0.13550000 -0.01900000 0.08600000
v 0.13550000 -0.01900000 0.06200000
v 0.13550000 -0.01900000 0.06200000
v 0.13550000 -0.02300000 0.08600000
v 0.13550000 -0.02300000 0.06200000
v 0.13550000 -0.01900000 0.08600000
v 0.13550000 -0.02300000 0.08600000
v 0.13550000 -0.01900000 0.06200000
v 0.13900000 -0.02500000 0.08600000
v 0.13900000 -0.01700000 0.08600000
v 0.13900000 -0.02500000 0.06200000
v 0.15300000 -0.02500000 0.06200000
v 0.13900000 -0.02500000 0.08600000
v 0.13900000 -0.02500000 0.06200000
v 0.13900000 -0.02500000 0.06200000
v 0.13900000 -0.01700000 0.08600000
v 0.13900000 -0.01700000 0.06200000
v 0.13900000 -0.01700000 0.06200000
v 0.15300000 -0.02500000 0.06200000
v 0.13900000 -0.02500000 0.06200000
v 0.13900000 -0.02500000 0.08600000
v 0.15300000 -0.01700000 0.08600000
v 0.13900000 -0.01700000 0.08600000
v 0.15300000 -0.02500000 0.08600000
v 0.13900000 -0.02500000 0.08600000
v 0.15300000 -0.02500000 0.06200000
v 0.15300000 -0.02500000 0.08600000
v 0.15300000 -0.01700000 0.08600000
v 0.13900000 -0.02500000 0.08600000
v 0.13900000 -0.01700000 0.08600000
v 0.15300000 -0.01700000 0.08600000
v 0.13900000 -0.01700000 0.06200000
v 0.15300000 -0.01700000 0.06200000
v 0.15300000 -0.02500000 0.06200000
v 0.13900000 -0.01700000 0.06200000
v 0.13900000 -0.01700000 0.06200000
v 0.15300000 -0.01700000 0.08600000
v 0.15300000 -0.01700000 0.06200000
v 0.15300000 -0.01700000 0.06200000
v 0.15300000 -0.02500000 0.08600000
v 0.15300000 -0.02500000 0.06200000
v 0.15300000 -0.01700000 0.08600000
v 0.15300000 -0.02500000 0.08600000
v 0.15300000 -0.01700000 0.06200000
v -0.06050000 -0.00700000 0.09600000
v -0.06050000 0.00700000 0.09600000
v -0.06050000 -0.00700000 0.08800000
v -0.01550000 -0.00700000 0.08800000
v -0.06050000 -0.00700000 0.09600000
v -0.06050000 -0.00700000 0.08800000
v -0.06050000 -0.00700000 0.08800000
v -0.06050000 0.00700000 0.09600000
v -0.06050000 0.00700000 0.08800000
v -0.06050000 0.00700000 0.08800000
v -0.01550000 -0.00700000 0.08800000
v -0.06050000 -0.00700000 0.08800000
v -0.06050000 -0.00700000 0.09600000
v -0.01550000 0.00700000 0.09600000
v -0.06050000 0.00700000 0.09600000
v -0.01550000 -0.00700000 0.09600000
v -0.06050000 -0.00700000 0.09600000
v -0.01550000 -0.00700000 0.08800000
v -0.01550000 -0.00700000 0.09600000
v -0.01550000 0.00700000 0.09600000
v -0.06050000 -0.00700000 0.09600000
v -0.06050000 0.00700000 0.09600000
v -0.01550000 0.00700000 0.09600000
v -0.06050000 0.00700000 0.08800000
v -0.01550000 0.00700000 0.08800000
v -0.01550000 -0.00700000 0.08800000
v -0.06050000 0.00700000 0.08800000
v -0.06050000 0.00700000 0.08800000
v -0.01550000 0.00700000 0.09600000
v -0.01550000 0.00700000 0.08800000
v -0.01550000 0.00700000 0.08800000
v -0.01550000 -0.00700000 0.09600000
v -0.01550000 -0.00700000 0.08800000
v -0.01550000 0.00700000 0.09600000
v -0.01550000 -0.00700000 0.09600000
v -0.01550000 0.00700000 0.08800000
v -0.06200000 -0.03100000 0.09700000
v -0.06200000 0.03100000 0.09700000
v -0.06200000 -0.03100000 0.08700000
v -0.05000000 -0.03100000 0.08700000
v -0.06200000 -0.03100000 0.09700000
v -0.06200000 -0.03100000 0.08700000
v -0.06200000 -0.03100000 0.08700000
v -0.06200000 0.03100000 0.09700000
v -0.06200000 0.03100000 0.08700000
v -0.06200000 0.03100000 0.08700000
v -0.05000000 -0.03100000 0.08700000
v -0.06200000 -0.03100000 0.08700000
v -0.06200000 -0.03100000 0.09700000
v -0.05000000 0.03100000 0.09700000
v -0.06200000 0.03100000 0.09700000
v -0.05000000 -0.03100000 0.09700000
v -0.06200000 -0.03100000 0.09700000
v -0.05000000 -0.03100000 0.08700000
v -0.05000000 -0.03100000 0.09700000
v -0.05000000 0.03100000 0.09700000
v -0.06200000 -0.03100000 0.09700000
v -0.06200000 0.03100000 0.09700000
v -0.05000000 0.03100000 0.09700000
v -0.06200000 0.03100000 0.08700000
v -0.05000000 0.03100000 0.08700000
v -0.05000000 -0.03100000 0.08700000
v -0.06200000 0.03100000 0.08700000
v -0.06200000 0.03100000 0.08700000
v -0.05000000 0.03100000 0.09700000
v -0.05000000 0.03100000 0.08700000
v -0.05000000 0.03100000 0.08700000
v -0.05000000 -0.03100000 0.09700000
v -0.05000000 -0.03100000 0.08700000
v -0.05000000 0.03100000 0.09700000
v -0.05000000 -0.03100000 0.09700000
v -0.05000000 0.03100000 0.08700000
v 0.02500000 -0.00700000 -0.02000000
v 0.02500000 0.00700000 -0.02000000
v 0.02500000 -0.00700000 -0.02600000
v 0.08700000 -0.00700000 -0.02600000
v 0.02500000 -0.00700000 -0.02000000
v 0.02500000 -0.00700000 -0.02600000
v 0.02500000 -0.00700000 -0.02600000
v 0.02500000 0.00700000 -0.02000000
v 0.02500000 0.00700000 -0.02600000
v 0.02500000 0.00700000 -0.02600000
v 0.08700000 -0.00700000 -0.02600000
v 0.02500000 -0.00700000 -0.02600000
v 0.02500000 -0.00700000 -0.02000000
v 0.08700000 0.00700000 -0.02000000
v 0.02500000 0.00700000 -0.02000000
v 0.08700000 -0.00700000 -0.02000000
v 0.02500000 -0.00700000 -0.02000000
v 0.08700000 -0.00700000 -0.02600000
v 0.08700000 -0.00700000 -0.02000000
v 0.08700000 0.00700000 -0.02000000
v 0.02500000 -0.00700000 -0.02000000
v 0.02500000 0.00700000 -0.02000000
v 0.08700000 0.00700000 -0.02000000
v 0.02500000 0.00700000 -0.02600000
v 0.08700000 0.00700000 -0.02600000
v 0.08700000 -0.00700000 -0.02600000
v 0.02500000 0.00700000 -0.02600000
v 0.02500000 0.00700000 -0.02600000
v 0.08700000 0.00700000 -0.02000000
v 0.08700000 0.00700000 -0.02600000
v 0.08700000 0.00700000 -0.02600000
v 0.08700000 -0.00700000 -0.02000000
v 0.08700000 -0.00700000 -0.02600000
v 0.08700000 0.00700000 -0.02000000
v 0.08700000 -0.00700000 -0.02000000
v 0.08700000 0.00700000 -0.02600000
v 0.02500000 -0.00700000 0.00100000
v 0.02500000 0.00700000 0.00100000
v 0.02500000 -0.00700000 -0.02300000
v 0.03100000 -0.00700000 -0.02300000
v 0.02500000 -0.00700000 0.00100000
v 0.02500000 -0.00700000 -0.02300000
v 0.02500000 -0.00700000 -0.02300000
v 0.02500000 0.00700000 0.00100000
v 0.02500000 0.00700000 -0.02300000
v 0.02500000 0.00700000 -0.02300000
v 0.03100000 -0.00700000 -0.02300000
v 0.02500000 -0.00700000 -0.02300000
v 0.02500000 -0.00700000 0.00100000
v 0.03100000 0.00700000 0.00100000
v 0.02500000 0.00700000 0.00100000
v 0.03100000 -0.00700000 0.00100000
v 0.02500000 -0.00700000 0.00100000
v 0.03100000 -0.00700000 -0.02300000
v 0.03100000 -0.00700000 0.00100000
v 0.03100000 0.00700000 0.00100000
v 0.02500000 -0.00700000 0.00100000
v 0.02500000 0.00700000 0.00100000
v 0.03100000 0.00700000 0.00100000
v 0.02500000 0.00700000 -0.02300000
v 0.03100000 0.00700000 -0.02300000
v 0.03100000 -0.00700000 -0.02300000
v 0.02500000 0.00700000 -0.02300000
v 0.02500000 0.00700000 -0.02300000
v 0.03100000 0.00700000 0.00100000
v 0.03100000 0.00700000 -0.02300000
v 0.03100000 0.00700000 -0.02300000
v 0.03100000 -0.00700000 0.00100000
v 0.03100000 -0.00700000 -0.02300000
v 0.03100000 0.00700000 0.00100000
v 0.03100000 -0.00700000 0.00100000
v 0.03100000 0.00700000 -0.02300000
v 0.08100000 -0.00700000 0.00100000
v 0.08100000 0.00700000 0.00100000
v 0.08100000 -0.00700000 -0.02300000
v 0.08700000 -0.00700000 -0.02300000
v 0.08100000 -0.00700000 0.00100000
v 0.08100000 -0.00700000 -0.02300000
v 0.08100000 -0.00700000 -0.02300000
v 0.08100000 0.00700000 0.00100000
v 0.08100000 0.00700000 -0.02300000
v 0.08100000 0.00700000 -0.02300000
v 0.08700000 -0.00700000 -0.02300000
v 0.08100000 -0.00700000 -0.02300000
v 0.08100000 -0.00700000 0.00100000
v 0.08700000 0.00700000 0.00100000
v 0.08100000 0.00700000 0.00100000
v 0.08700000 -0.00700000 0.00100000
v 0.08100000 -0.00700000 0.00100000
v 0.08700000 -0.00700000 -0.02300000
v 0.08700000 -0.00700000 0.00100000
v 0.08700000 0.00700000 0.00100000
v 0.08100000 -0.00700000 0.00100000
v 0.08100000 0.00700000 0.00100000
v 0.08700000 0.00700000 0.00100000
v 0.08100000 0.00700000 -0.02300000
v 0.08700000 0.00700000 -0.02300000
v 0.08700000 -0.00700000 -0.02300000
v 0.08100000 0.00700000 -0.02300000
v 0.08100000 0.00700000 -0.02300000
v 0.08700000 0.00700000 0.00100000
v 0.08700000 0.00700000 -0.02300000
v 0.08700000 0.00700000 -0.02300000
v 0.08700000 -0.00700000 0.00100000
v 0.08700000 -0.00700000 -0.02300000
v 0.08700000 0.00700000 0.00100000
v 0.08700000 -0.00700000 0.00100000
v 0.08700000 0.00700000 -0.02300000
v 0.05285765 -0.00500000 0.00035441
v 0.05285765 0.00500000 0.00035441
v 0.05826335 -0.00500000 -0.02507743
v 0.06413224 -0.00500000 -0.02382995
v 0.05285765 -0.00500000 0.00035441
v 0.05826335 -0.00500000 -0.02507743
v 0.05826335 -0.00500000 -0.02507743
v 0.05285765 0.00500000 0.00035441
v 0.05826335 0.00500000 -0.02507743
v 0.05826335 0.00500000 -0.02507743
v 0.06413224 -0.00500000 -0.02382995
v 0.05826335 -0.00500000 -0.02507743
v 0.05285765 -0.00500000 0.00035441
v 0.05872653 0.00500000 0.00160188
v 0.05285765 0.00500000 0.00035441
v 0.05872653 -0.00500000 0.00160188
v 0.05285765 -0.00500000 0.00035441
v 0.06413224 -0.00500000 -0.02382995
v 0.05872653 -0.00500000 0.00160188
v 0.05872653 0.00500000 0.00160188
v 0.05285765 -0.00500000 0.00035441
v 0.05285765 0.00500000 0.00035441
v 0.05872653 0.00500000 0.00160188
v 0.05826335 0.00500000 -0.02507743
v 0.06413224 0.00500000 -0.02382995
v 0.06413224 -0.00500000 -0.02382995
v 0.05826335 0.00500000 -0.02507743
v 0.05826335 0.00500000 -0.02507743
v 0.05872653 0.00500000 0.00160188
v 0.06413224 0.00500000 -0.02382995
v 0.06413224 0.00500000 -0.02382995
v 0.05872653 -0.00500000 0.00160188
v 0.06413224 -0.00500000 -0.02382995
v 0.05872653 0.00500000 0.00160188
v 0.05872653 -0.00500000 0.00160188
v 0.06413224 0.00500000 -0.02382995
v 0.04400000 0.02400000 0.04000000
v 0.03800000 0.02400000 0.04000000
v 0.04354328 0.02400000 0.04229610
v 0.04400000 0.02400000 0.04000000
v 0.04354328 0.02400000 0.04229610
v 0.04400000 0.01800000 0.04000000
v 0.04400000 0.01800000 0.04000000
v 0.04354328 0.02400000 0.04229610
v 0.04354328 0.01800000 0.04229610
v 0.04400000 0.01800000 0.04000000
v 0.04354328 0.01800000 0.04229610
v 0.03800000 0.01800000 0.04000000
v 0.04354328 0.02400000 0.04229610
v 0.03800000 0.02400000 0.04000000
v 0.04224264 0.02400000 0.04424264
v 0.04354328 0.02400000 0.04229610
v 0.04224264 0.02400000 0.04424264
v 0.04354328 0.01800000 0.04229610
v 0.04354328 0.01800000 0.04229610
v 0.04224264 0.02400000 0.04424264
v 0.04224264 0.01800000 0.04424264
v 0.04354328 0.01800000 0.04229610
v 0.04224264 0.01800000 0.04424264
v 0.03800000 0.01800000 0.04000000
v 0.04224264 0.02400000 0.04424264
v 0.03800000 0.02400000 0.04000000
v 0.04029610 0.02400000 0.04554328
v 0.04224264 0.02400000 0.04424264
v 0.04029610 0.02400000 0.04554328
v 0.04224264 0.01800000 0.04424264
v 0.04224264 0.01800000 0.04424264
v 0.04029610 0.02400000 0.04554328
v 0.04029610 0.01800000 0.04554328
v 0.04224264 0.01800000 0.04424264
v 0.04029610 0.01800000 0.04554328
v 0.03800000 0.01800000 0.04000000
v 0.04029610 0.02400000 0.04554328
v 0.03800000 0.02400000 0.04000000
v 0.03800000 0.02400000 0.04600000
v 0.04029610 0.02400000 0.04554328
v 0.03800000 0.02400000 0.04600000
v 0.04029610 0.01800000 0.04554328
v 0.04029610 0.01800000 0.04554328
v 0.03800000 0.02400000 0.04600000
v 0.03800000 0.01800000 0.04600000
v 0.04029610 0.01800000 0.04554328
v 0.03800000 0.01800000 0.04600000
v 0.03800000 0.01800000 0.04000000
v 0.03800000 0.02400000 0.04600000
v 0.03800000 0.02400000 0.04000000
v 0.03570390 0.02400000 0.04554328
v 0.03800000 0.02400000 0.04600000
v 0.03570390 0.02400000 0.04554328
v 0.03800000 0.01800000 0.04600000
v 0.03800000 0.01800000 0.04600000
v 0.03570390 0.02400000 0.04554328
v 0.03570390 0.01800000 0.04554328
v 0.03800000 0.01800000 0.04600000
v 0.03570390 0.01800000 0.04554328
v 0.03800000 0.01800000 0.04000000
v 0.03570390 0.02400000 0.04554328
v 0.03800000 0.02400000 0.04000000
v 0.03375736 0.02400000 0.04424264
v 0.03570390 0.02400000 0.04554328
v 0.03375736 0.02400000 0.04424264
v 0.03570390 0.01800000 0.04554328
v 0.03570390 0.01800000 0.04554328
v 0.03375736 0.02400000 0.04424264
v 0.03375736 0.01800000 0.04424264
v 0.03570390 0.01800000 0.04554328
v 0.03375736 0.01800000 0.04424264
v 0.03800000 0.01800000 0.04000000
v 0.03375736 0.02400000 0.04424264
v 0.03800000 0.02400000 0.04000000
v 0.03245672 0.02400000 0.04229610
v 0.03375736 0.02400000 0.04424264
v 0.03245672 0.02400000 0.04229610
v 0.03375736 0.01800000 0.04424264
v 0.03375736 0.01800000 0.04424264
v 0.03245672 0.02400000 0.04229610
v 0.03245672 0.01800000 0.04229610
v 0.03375736 0.01800000 0.04424264
v 0.03245672 0.01800000 0.04229610
v 0.03800000 0.01800000 0.04000000
v 0.03245672 0.02400000 0.04229610
v 0.03800000 0.02400000 0.04000000
v 0.03200000 0.02400000 0.04000000
v 0.03245672 0.02400000 0.04229610
v 0.03200000 0.02400000 0.04000000
v 0.03245672 0.01800000 0.04229610
v 0.03245672 0.01800000 0.04229610
v 0.03200000 0.02400000 0.04000000
v 0.03200000 0.01800000 0.04000000
v 0.03245672 0.01800000 0.04229610
v 0.03200000 0.01800000 0.04000000
v 0.03800000 0.01800000 0.04000000
v 0.03200000 0.02400000 0.04000000
v 0.03800000 0.02400000 0.04000000
v 0.03245672 0.02400000 0.03770390
v 0.03200000 0.02400000 0.04000000
v 0.03245672 0.02400000 0.03770390
v 0.03200000 0.01800000 0.04000000
v 0.03200000 0.01800000 0.04000000
v 0.03245672 0.02400000 0.03770390
v 0.03245672 0.01800000 0.03770390
v 0.03200000 0.01800000 0.04000000
v 0.03245672 0.01800000 0.03770390
v 0.03800000 0.01800000 0.04000000
v 0.03245672 0.02400000 0.03770390
v 0.03800000 0.02400000 0.04000000
v 0.03375736 0.02400000 0.03575736
v 0.03245672 0.02400000 0.03770390
v 0.03375736 0.02400000 0.03575736
v 0.03245672 0.01800000 0.03770390
v 0.03245672 0.01800000 0.03770390
v 0.03375736 0.02400000 0.03575736
v 0.03375736 0.01800000 0.03575736
v 0.03245672 0.01800000 0.03770390
v 0.03375736 0.01800000 0.03575736
v 0.03800000 0.01800000 0.04000000
v 0.03375736 0.02400000 0.03575736
v 0.03800000 0.02400000 0.04000000
v 0.03570390 0.02400000 0.03445672
v 0.03375736 0.02400000 0.03575736
v 0.03570390 0.02400000 0.03445672
v 0.03375736 0.01800000 0.03575736
v 0.03375736 0.01800000 0.03575736
v 0.03570390 0.02400000 0.03445672
v 0.03570390 0.01800000 0.03445672
v 0.03375736 0.01800000 0.03575736
v 0.03570390 0.01800000 0.03445672
v 0.03800000 0.01800000 0.04000000
v 0.03570390 0.02400000 0.03445672
v 0.03800000 0.02400000 0.04000000
v 0.03800000 0.02400000 0.03400000
v 0.03570390 0.02400000 0.03445672
v 0.03800000 0.02400000 0.03400000
v 0.03570390 0.01800000 0.03445672
v 0.03570390 0.01800000 0.03445672
v 0.03800000 0.02400000 0.03400000
v 0.03800000 0.01800000 0.03400000
v 0.03570390 0.01800000 0.03445672
v 0.03800000 0.01800000 0.03400000
v 0.03800000 0.01800000 0.04000000
v 0.03800000 0.02400000 0.03400000
v 0.03800000 0.02400000 0.04000000
v 0.04029610 0.02400000 0.03445672
v 0.03800000 0.02400000 0.03400000
v 0.04029610 0.02400000 0.03445672
v 0.03800000 0.01800000 0.03400000
v 0.03800000 0.01800000 0.03400000
v 0.04029610 0.02400000 0.03445672
v 0.04029610 0.01800000 0.03445672
v 0.03800000 0.01800000 0.03400000
v 0.04029610 0.01800000 0.03445672
v 0.03800000 0.01800000 0.04000000
v 0.04029610 0.02400000 0.03445672
v 0.03800000 0.02400000 0.04000000
v 0.04224264 0.02400000 0.03575736
v 0.04029610 0.02400000 0.03445672
v 0.04224264 0.02400000 0.03575736
v 0.04029610 0.01800000 0.03445672
v 0.04029610 0.01800000 0.03445672
v 0.04224264 0.02400000 0.03575736
v 0.04224264 0.01800000 0.03575736
v 0.04029610 0.01800000 0.03445672
v 0.04224264 0.01800000 0.03575736
v 0.03800000 0.01800000 0.04000000
v 0.04224264 0.02400000 0.03575736
v 0.03800000 0.02400000 0.04000000
v 0.04354328 0.02400000 0.03770390
v 0.04224264 0.02400000 0.03575736
v 0.04354328 0.02400000 0.03770390
v 0.04224264 0.01800000 0.03575736
v 0.04224264 0.01800000 0.03575736
v 0.04354328 0.02400000 0.03770390
v 0.04354328 0.01800000 0.03770390
v 0.04224264 0.01800000 0.03575736
v 0.04354328 0.01800000 0.03770390
v 0.03800000 0.01800000 0.04000000
v 0.04354328 0.02400000 0.03770390
v 0.03800000 0.02400000 0.04000000
v 0.04400000 0.02400000 0.04000000
v 0.04354328 0.02400000 0.03770390
v 0.04400000 0.02400000 0.04000000
v 0.04354328 0.01800000 0.03770390
v 0.04354328 0.01800000 0.03770390
v 0.04400000 0.02400000 0.04000000
v 0.04400000 0.01800000 0.04000000
v 0.04354328 0.01800000 0.03770390
v 0.04400000 0.01800000 0.04000000
v 0.03800000 0.01800000 0.04000000
v 0.01300000 0.02000000 0.04450000
v 0.01300000 0.02400000 0.04450000
v 0.01300000 0.02000000 0.03550000
v 0.03900000 0.02000000 0.03550000
v 0.01300000 0.02000000 0.04450000
v 0.01300000 0.02000000 0.03550000
v 0.01300000 0.02000000 0.03550000
v 0.01300000 0.02400000 0.04450000
v 0.01300000 0.02400000 0.03550000
v 0.01300000 0.02400000 0.03550000
v 0.03900000 0.02000000 0.03550000
v 0.01300000 0.02000000 0.03550000
v 0.01300000 0.02000000 0.04450000
v 0.03900000 0.02400000 0.04450000
v 0.01300000 0.02400000 0.04450000
v 0.03900000 0.02000000 0.04450000
v 0.01300000 0.02000000 0.04450000
v 0.03900000 0.02000000 0.03550000
v 0.03900000 0.02000000 0.04450000
v 0.03900000 0.02400000 0.04450000
v 0.01300000 0.02000000 0.04450000
v 0.01300000 0.02400000 0.04450000
v 0.03900000 0.02400000 0.04450000
v 0.01300000 0.02400000 0.03550000
v 0.03900000 0.02400000 0.03550000
v 0.03900000 0.02000000 0.03550000
v 0.01300000 0.02400000 0.03550000
v 0.01300000 0.02400000 0.03550000
v 0.03900000 0.02400000 0.04450000
v 0.03900000 0.02400000 0.03550000
v 0.03900000 0.02400000 0.03550000
v 0.03900000 0.02000000 0.04450000
v 0.03900000 0.02000000 0.03550000
v 0.03900000 0.02400000 0.04450000
v 0.03900000 0.02000000 0.04450000
v 0.03900000 0.02400000 0.03550000
v 0.09800000 -0.01800000 0.03800000
v 0.09300000 -0.01800000 0.03800000
v 0.09761940 -0.01800000 0.03991342
v 0.09800000 -0.01800000 0.03800000
v 0.09761940 -0.01800000 0.03991342
v 0.09800000 -0.02400000 0.03800000
v 0.09800000 -0.02400000 0.03800000
v 0.09761940 -0.01800000 0.03991342
v 0.09761940 -0.02400000 0.03991342
v 0.09800000 -0.02400000 0.03800000
v 0.09761940 -0.02400000 0.03991342
v 0.09300000 -0.02400000 0.03800000
v 0.09761940 -0.01800000 0.03991342
v 0.09300000 -0.01800000 0.03800000
v 0.09653553 -0.01800000 0.04153553
v 0.09761940 -0.01800000 0.03991342
v 0.09653553 -0.01800000 0.04153553
v 0.09761940 -0.02400000 0.03991342
v 0.09761940 -0.02400000 0.03991342
v 0.09653553 -0.01800000 0.04153553
v 0.09653553 -0.02400000 0.04153553
v 0.09761940 -0.02400000 0.03991342
v 0.09653553 -0.02400000 0.04153553
v 0.09300000 -0.02400000 0.03800000
v 0.09653553 -0.01800000 0.04153553
v 0.09300000 -0.01800000 0.03800000
v 0.09491342 -0.01800000 0.04261940
v 0.09653553 -0.01800000 0.04153553
v 0.09491342 -0.01800000 0.04261940
v 0.09653553 -0.02400000 0.04153553
v 0.09653553 -0.02400000 0.04153553
v 0.09491342 -0.01800000 0.04261940
v 0.09491342 -0.02400000 0.04261940
v 0.09653553 -0.02400000 0.04153553
v 0.09491342 -0.02400000 0.04261940
v 0.09300000 -0.02400000 0.03800000
v 0.09491342 -0.01800000 0.04261940
v 0.09300000 -0.01800000 0.03800000
v 0.09300000 -0.01800000 0.04300000
v 0.09491342 -0.01800000 0.04261940
v 0.09300000 -0.01800000 0.04300000
v 0.09491342 -0.02400000 0.04261940
v 0.09491342 -0.02400000 0.04261940
v 0.09300000 -0.01800000 0.04300000
v 0.09300000 -0.02400000 0.04300000
v 0.09491342 -0.02400000 0.04261940
v 0.09300000 -0.02400000 0.04300000
v 0.09300000 -0.02400000 0.03800000
v 0.09300000 -0.01800000 0.04300000
v 0.09300000 -0.01800000 0.03800000
v 0.09108658 -0.01800000 0.04261940
v 0.09300000 -0.01800000 0.04300000
v 0.09108658 -0.01800000 0.04261940
v 0.09300000 -0.02400000 0.04300000
v 0.09300000 -0.02400000 0.04300000
v 0.09108658 -0.01800000 0.04261940
v 0.09108658 -0.02400000 0.04261940
v 0.09300000 -0.02400000 0.04300000
v 0.09108658 -0.02400000 0.04261940
v 0.09300000 -0.02400000 0.03800000
v 0.09108658 -0.01800000 0.04261940
v 0.09300000 -0.01800000 0.03800000
v 0.08946447 -0.01800000 0.04153553
v 0.09108658 -0.01800000 0.04261940
v 0.08946447 -0.01800000 0.04153553
v 0.09108658 -0.02400000 0.04261940
v 0.09108658 -0.02400000 0.04261940
v 0.08946447 -0.01800000 0.04153553
v 0.08946447 -0.02400000 0.04153553
v 0.09108658 -0.02400000 0.04261940
v 0.08946447 -0.02400000 0.04153553
v 0.09300000 -0.02400000 0.03800000
v 0.08946447 -0.01800000 0.04153553
v 0.09300000 -0.01800000 0.03800000
v 0.08838060 -0.01800000 0.03991342
v 0.08946447 -0.01800000 0.04153553
v 0.08838060 -0.01800000 0.03991342
v 0.08946447 -0.02400000 0.04153553
v 0.08946447 -0.02400000 0.04153553
v 0.08838060 -0.01800000 0.03991342
v 0.08838060 -0.02400000 0.03991342
v 0.08946447 -0.02400000 0.04153553
v 0.08838060 -0.02400000 0.03991342
v 0.09300000 -0.02400000 0.03800000
v 0.08838060 -0.01800000 0.03991342
v 0.09300000 -0.01800000 0.03800000
v 0.08800000 -0.01800000 0.03800000
v 0.08838060 -0.01800000 0.03991342
v 0.08800000 -0.01800000 0.03800000
v 0.08838060 -0.02400000 0.03991342
v 0.08838060 -0.02400000 0.03991342
v 0.08800000 -0.01800000 0.03800000
v 0.08800000 -0.02400000 0.03800000
v 0.08838060 -0.02400000 0.03991342
v 0.08800000 -0.02400000 0.03800000
v 0.09300000 -0.02400000 0.03800000
v 0.08800000 -0.01800000 0.03800000
v 0.09300000 -0.01800000 0.03800000
v 0.08838060 -0.01800000 0.03608658
v 0.08800000 -0.01800000 0.03800000
v 0.08838060 -0.01800000 0.03608658
v 0.08800000 -0.02400000 0.03800000
v 0.08800000 -0.02400000 0.03800000
v 0.08838060 -0.01800000 0.03608658
v 0.08838060 -0.02400000 0.03608658
v 0.08800000 -0.02400000 0.03800000
v 0.08838060 -0.02400000 0.03608658
v 0.09300000 -0.02400000 0.03800000
v 0.08838060 -0.01800000 0.03608658
v 0.09300000 -0.01800000 0.03800000
v 0.08946447 -0.01800000 0.03446447
v 0.08838060 -0.01800000 0.03608658
v 0.08946447 -0.01800000 0.03446447
v 0.08838060 -0.02400000 0.03608658
v 0.08838060 -0.02400000 0.03608658
v 0.08946447 -0.01800000 0.03446447
v 0.08946447 -0.02400000 0.03446447
v 0.08838060 -0.02400000 0.03608658
v 0.08946447 -0.02400000 0.03446447
v 0.09300000 -0.02400000 0.03800000
v 0.08946447 -0.01800000 0.03446447
v 0.09300000 -0.01800000 0.03800000
v 0.09108658 -0.01800000 0.03338060
v 0.08946447 -0.01800000 0.03446447
v 0.09108658 -0.01800000 0.03338060
v 0.08946447 -0.02400000 0.03446447
v 0.08946447 -0.02400000 0.03446447
v 0.09108658 -0.01800000 0.03338060
v 0.09108658 -0.02400000 0.03338060
v 0.08946447 -0.02400000 0.03446447
v 0.09108658 -0.02400000 0.03338060
v 0.09300000 -0.02400000 0.03800000
v 0.09108658 -0.01800000 0.03338060
v 0.09300000 -0.01800000 0.03800000
v 0.09300000 -0.01800000 0.03300000
v 0.09108658 -0.01800000 0.03338060
v 0.09300000 -0.01800000 0.03300000
v 0.09108658 -0.02400000 0.03338060
v 0.09108658 -0.02400000 0.03338060
v 0.09300000 -0.01800000 0.03300000
v 0.09300000 -0.02400000 0.03300000
v 0.09108658 -0.02400000 0.03338060
v 0.09300000 -0.02400000 0.03300000
v 0.09300000 -0.02400000 0.03800000
v 0.09300000 -0.01800000 0.03300000
v 0.09300000 -0.01800000 0.03800000
v 0.09491342 -0.01800000 0.03338060
v 0.09300000 -0.01800000 0.03300000
v 0.09491342 -0.01800000 0.03338060
v 0.09300000 -0.02400000 0.03300000
v 0.09300000 -0.02400000 0.03300000
v 0.09491342 -0.01800000 0.03338060
v 0.09491342 -0.02400000 0.03338060
v 0.09300000 -0.02400000 0.03300000
v 0.09491342 -0.02400000 0.03338060
v 0.09300000 -0.02400000 0.03800000
v 0.09491342 -0.01800000 0.03338060
v 0.09300000 -0.01800000 0.03800000
v 0.09653553 -0.01800000 0.03446447
v 0.09491342 -0.01800000 0.03338060
v 0.09653553 -0.01800000 0.03446447
v 0.09491342 -0.02400000 0.03338060
v 0.09491342 -0.02400000 0.03338060
v 0.09653553 -0.01800000 0.03446447
v 0.09653553 -0.02400000 0.03446447
v 0.09491342 -0.02400000 0.03338060
v 0.09653553 -0.02400000 0.03446447
v 0.09300000 -0.02400000 0.03800000
v 0.09653553 -0.01800000 0.03446447
v 0.09300000 -0.01800000 0.03800000
v 0.09761940 -0.01800000 0.03608658
v 0.09653553 -0.01800000 0.03446447
v 0.09761940 -0.01800000 0.03608658
v 0.09653553 -0.02400000 0.03446447
v 0.09653553 -0.02400000 0.03446447
v 0.09761940 -0.01800000 0.03608658
v 0.09761940 -0.02400000 0.03608658
v 0.09653553 -0.02400000 0.03446447
v 0.09761940 -0.02400000 0.03608658
v 0.09300000 -0.02400000 0.03800000
v 0.09761940 -0.01800000 0.03608658
v 0.09300000 -0.01800000 0.03800000
v 0.09800000 -0.01800000 0.03800000
v 0.09761940 -0.01800000 0.03608658
v 0.09800000 -0.01800000 0.03800000
v 0.09761940 -0.02400000 0.03608658
v 0.09761940 -0.02400000 0.03608658
v 0.09800000 -0.01800000 0.03800000
v 0.09800000 -0.02400000 0.03800000
v 0.09761940 -0.02400000 0.03608658
v 0.09800000 -0.02400000 0.03800000
v 0.09300000 -0.02400000 0.03800000
v 0.05900000 0.01700000 0.07500000
v 0.05900000 0.02100000 0.07500000
v 0.05900000 0.01700000 0.04500000
v 0.07700000 0.01700000 0.04500000
v 0.05900000 0.01700000 0.07500000
v 0.05900000 0.01700000 0.04500000
v 0.05900000 0.01700000 0.04500000
v 0.05900000 0.02100000 0.07500000
v 0.05900000 0.02100000 0.04500000
v 0.05900000 0.02100000 0.04500000
v 0.07700000 0.01700000 0.04500000
v 0.05900000 0.01700000 0.04500000
v 0.05900000 0.01700000 0.07500000
v 0.07700000 0.02100000 0.07500000
v 0.05900000 0.02100000 0.07500000
v 0.07700000 0.01700000 0.07500000
v 0.05900000 0.01700000 0.07500000
v 0.07700000 0.01700000 0.04500000
v 0.07700000 0.01700000 0.07500000
v 0.07700000 0.02100000 0.07500000
v 0.05900000 0.01700000 0.07500000
v 0.05900000 0.02100000 0.07500000
v 0.07700000 0.02100000 0.07500000
v 0.05900000 0.02100000 0.04500000
v 0.07700000 0.02100000 0.04500000
v 0.07700000 0.01700000 0.04500000
v 0.05900000 0.02100000 0.04500000
v 0.05900000 0.02100000 0.04500000
v 0.07700000 0.02100000 0.07500000
v 0.07700000 0.02100000 0.04500000
v 0.07700000 0.02100000 0.04500000
v 0.07700000 0.01700000 0.07500000
v 0.07700000 0.01700000 0.04500000
v 0.07700000 0.02100000 0.07500000
v 0.07700000 0.01700000 0.07500000
v 0.07700000 0.02100000 0.04500000
v 0.16000000 -0.01800000 0.08000000
v 0.15300000 -0.01800000 0.08000000
v 0.15946716 -0.01800000 0.08267878
v 0.16000000 -0.01800000 0.08000000
v 0.15946716 -0.01800000 0.08267878
v 0.16000000 -0.02800000 0.08000000
v 0.16000000 -0.02800000 0.08000000
v 0.15946716 -0.01800000 0.08267878
v 0.15946716 -0.02800000 0.08267878
v 0.16000000 -0.02800000 0.08000000
v 0.15946716 -0.02800000 0.08267878
v 0.15300000 -0.02800000 0.08000000
v 0.15946716 -0.01800000 0.08267878
v 0.15300000 -0.01800000 0.08000000
v 0.15794975 -0.01800000 0.08494975
v 0.15946716 -0.01800000 0.08267878
v 0.15794975 -0.01800000 0.08494975
v 0.15946716 -0.02800000 0.08267878
v 0.15946716 -0.02800000 0.08267878
v 0.15794975 -0.01800000 0.08494975
v 0.15794975 -0.02800000 0.08494975
v 0.15946716 -0.02800000 0.08267878
v 0.15794975 -0.02800000 0.08494975
v 0.15300000 -0.02800000 0.08000000
v 0.15794975 -0.01800000 0.08494975
v 0.15300000 -0.01800000 0.08000000
v 0.15567878 -0.01800000 0.08646716
v 0.15794975 -0.01800000 0.08494975
v 0.15567878 -0.01800000 0.08646716
v 0.15794975 -0.02800000 0.08494975
v 0.15794975 -0.02800000 0.08494975
v 0.15567878 -0.01800000 0.08646716
v 0.15567878 -0.02800000 0.08646716
v 0.15794975 -0.02800000 0.08494975
v 0.15567878 -0.02800000 0.08646716
v 0.15300000 -0.02800000 0.08000000
v 0.15567878 -0.01800000 0.08646716
v 0.15300000 -0.01800000 0.08000000
v 0.15300000 -0.01800000 0.08700000
v 0.15567878 -0.01800000 0.08646716
v 0.15300000 -0.01800000 0.08700000
v 0.15567878 -0.02800000 0.08646716
v 0.15567878 -0.02800000 0.08646716
v 0.15300000 -0.01800000 0.08700000
v 0.15300000 -0.02800000 0.08700000
v 0.15567878 -0.02800000 0.08646716
v 0.15300000 -0.02800000 0.08700000
v 0.15300000 -0.02800000 0.08000000
v 0.15300000 -0.01800000 0.08700000
v 0.15300000 -0.01800000 0.08000000
v 0.15032122 -0.01800000 0.08646716
v 0.15300000 -0.01800000 0.08700000
v 0.15032122 -0.01800000 0.08646716
v 0.15300000 -0.02800000 0.08700000
v 0.15300000 -0.02800000 0.08700000
v 0.15032122 -0.01800000 0.08646716
v 0.15032122 -0.02800000 0.08646716
v 0.15300000 -0.02800000 0.08700000
v 0.15032122 -0.02800000 0.08646716
v 0.15300000 -0.02800000 0.08000000
v 0.15032122 -0.01800000 0.08646716
v 0.15300000 -0.01800000 0.08000000
v 0.14805025 -0.01800000 0.08494975
v 0.15032122 -0.01800000 0.08646716
v 0.14805025 -0.01800000 0.08494975
v 0.15032122 -0.02800000 0.08646716
v 0.15032122 -0.02800000 0.08646716
v 0.14805025 -0.01800000 0.08494975
v 0.14805025 -0.02800000 0.08494975
v 0.15032122 -0.02800000 0.08646716
v 0.14805025 -0.02800000 0.08494975
v 0.15300000 -0.02800000 0.08000000
v 0.14805025 -0.01800000 0.08494975
v 0.15300000 -0.01800000 0.08000000
v 0.14653284 -0.01800000 0.08267878
v 0.14805025 -0.01800000 0.08494975
v 0.14653284 -0.01800000 0.08267878
v 0.14805025 -0.02800000 0.08494975
v 0.14805025 -0.02800000 0.08494975
v 0.14653284 -0.01800000 0.08267878
v 0.14653284 -0.02800000 0.08267878
v 0.14805025 -0.02800000 0.08494975
v 0.14653284 -0.02800000 0.08267878
v 0.15300000 -0.02800000 0.08000000
v 0.14653284 -0.01800000 0.08267878
v 0.15300000 -0.01800000 0.08000000
v 0.14600000 -0.01800000 0.08000000
v 0.14653284 -0.01800000 0.08267878
v 0.14600000 -0.01800000 0.08000000
v 0.14653284 -0.02800000 0.08267878
v 0.14653284 -0.02800000 0.08267878
v 0.14600000 -0.01800000 0.08000000
v 0.14600000 -0.02800000 0.08000000
v 0.14653284 -0.02800000 0.08267878
v 0.14600000 -0.02800000 0.08000000
v 0.15300000 -0.02800000 0.08000000
v 0.14600000 -0.01800000 0.08000000
v 0.15300000 -0.01800000 0.08000000
v 0.14653284 -0.01800000 0.07732122
v 0.14600000 -0.01800000 0.08000000
v 0.14653284 -0.01800000 0.07732122
v 0.14600000 -0.02800000 0.08000000
v 0.14600000 -0.02800000 0.08000000
v 0.14653284 -0.01800000 0.07732122
v 0.14653284 -0.02800000 0.07732122
v 0.14600000 -0.02800000 0.08000000
v 0.14653284 -0.02800000 0.07732122
v 0.15300000 -0.02800000 0.08000000
v 0.14653284 -0.01800000 0.07732122
v 0.15300000 -0.01800000 0.08000000
v 0.14805025 -0.01800000 0.07505025
v 0.14653284 -0.01800000 0.07732122
v 0.14805025 -0.01800000 0.07505025
v 0.14653284 -0.02800000 0.07732122
v 0.14653284 -0.02800000 0.07732122
v 0.14805025 -0.01800000 0.07505025
v 0.14805025 -0.02800000 0.07505025
v 0.14653284 -0.02800000 0.07732122
v 0.14805025 -0.02800000 0.07505025
v 0.15300000 -0.02800000 0.08000000
v 0.14805025 -0.01800000 0.07505025
v 0.15300000 -0.01800000 0.08000000
v 0.15032122 -0.01800000 0.07353284
v 0.14805025 -0.01800000 0.07505025
v 0.15032122 -0.01800000 0.07353284
v 0.14805025 -0.02800000 0.07505025
v 0.14805025 -0.02800000 0.07505025
v 0.15032122 -0.01800000 0.07353284
v 0.15032122 -0.02800000 0.07353284
v 0.14805025 -0.02800000 0.07505025
v 0.15032122 -0.02800000 0.07353284
v 0.15300000 -0.02800000 0.08000000
v 0.15032122 -0.01800000 0.07353284
v 0.15300000 -0.01800000 0.08000000
v 0.15300000 -0.01800000 0.07300000
v 0.15032122 -0.01800000 0.07353284
v 0.15300000 -0.01800000 0.07300000
v 0.15032122 -0.02800000 0.07353284
v 0.15032122 -0.02800000 0.07353284
v 0.15300000 -0.01800000 0.07300000
v 0.15300000 -0.02800000 0.07300000
v 0.15032122 -0.02800000 0.07353284
v 0.15300000 -0.02800000 0.07300000
v 0.15300000 -0.02800000 0.08000000
v 0.15300000 -0.01800000 0.07300000
v 0.15300000 -0.01800000 0.08000000
v 0.15567878 -0.01800000 0.07353284
v 0.15300000 -0.01800000 0.07300000
v 0.15567878 -0.01800000 0.07353284
v 0.15300000 -0.02800000 0.07300000
v 0.15300000 -0.02800000 0.07300000
v 0.15567878 -0.01800000 0.07353284
v 0.15567878 -0.02800000 0.07353284
v 0.15300000 -0.02800000 0.07300000
v 0.15567878 -0.02800000 0.07353284
v 0.15300000 -0.02800000 0.08000000
v 0.15567878 -0.01800000 0.07353284
v 0.15300000 -0.01800000 0.08000000
v 0.15794975 -0.01800000 0.07505025
v 0.15567878 -0.01800000 0.07353284
v 0.15794975 -0.01800000 0.07505025
v 0.15567878 -0.02800000 0.07353284
v 0.15567878 -0.02800000 0.07353284
v 0.15794975 -0.01800000 0.07505025
v 0.15794975 -0.02800000 0.07505025
v 0.15567878 -0.02800000 0.07353284
v 0.15794975 -0.02800000 0.07505025
v 0.15300000 -0.02800000 0.08000000
v 0.15794975 -0.01800000 0.07505025
v 0.15300000 -0.01800000 0.08000000
v 0.15946716 -0.01800000 0.07732122
v 0.15794975 -0.01800000 0.07505025
v 0.15946716 -0.01800000 0.07732122
v 0.15794975 -0.02800000 0.07505025
v 0.15794975 -0.02800000 0.07505025
v 0.15946716 -0.01800000 0.07732122
v 0.15946716 -0.02800000 0.07732122
v 0.15794975 -0.02800000 0.07505025
v 0.15946716 -0.02800000 0.07732122
v 0.15300000 -0.02800000 0.08000000
v 0.15946716 -0.01800000 0.07732122
v 0.15300000 -0.01800000 0.08000000
v 0.16000000 -0.01800000 0.08000000
v 0.15946716 -0.01800000 0.07732122
v 0.16000000 -0.01800000 0.08000000
v 0.15946716 -0.02800000 0.07732122
v 0.15946716 -0.02800000 0.07732122
v 0.16000000 -0.01800000 0.08000000
v 0.16000000 -0.02800000 0.08000000
v 0.15946716 -0.02800000 0.07732122
v 0.16000000 -0.02800000 0.08000000
v 0.15300000 -0.02800000 0.08000000
v 0.49800000 -0.01200000 0.09300000
v 0.49800000 0.01200000 0.09300000
v 0.49800000 -0.01200000 0.06300000
v 0.52800000 -0.01200000 0.06300000
v 0.49800000 -0.01200000 0.09300000
v 0.49800000 -0.01200000 0.06300000
v 0.49800000 -0.01200000 0.06300000
v 0.49800000 0.01200000 0.09300000
v 0.49800000 0.01200000 0.06300000
v 0.49800000 0.01200000 0.06300000
v 0.52800000 -0.01200000 0.06300000
v 0.49800000 -0.01200000 0.06300000
v 0.49800000 -0.01200000 0.09300000
v 0.52800000 0.01200000 0.09300000
v 0.49800000 0.01200000 0.09300000
v 0.52800000 -0.01200000 0.09300000
v 0.49800000 -0.01200000 0.09300000
v 0.52800000 -0.01200000 0.06300000
v 0.52800000 -0.01200000 0.09300000
v 0.52800000 0.01200000 0.09300000
v 0.49800000 -0.01200000 0.09300000
v 0.49800000 0.01200000 0.09300000
v 0.52800000 0.01200000 0.09300000
v 0.49800000 0.01200000 0.06300000
v 0.52800000 0.01200000 0.06300000
v 0.52800000 -0.01200000 0.06300000
v 0.49800000 0.01200000 0.06300000
v 0.49800000 0.01200000 0.06300000
v 0.52800000 0.01200000 0.09300000
v 0.52800000 0.01200000 0.06300000
v 0.52800000 0.01200000 0.06300000
v 0.52800000 -0.01200000 0.09300000
v 0.52800000 -0.01200000 0.06300000
v 0.52800000 0.01200000 0.09300000
v 0.52800000 -0.01200000 0.09300000
v 0.52800000 0.01200000 0.06300000
v -0.02200000 -0.01500000 0.12100000
v -0.02200000 0.01500000 0.12100000
v -0.02200000 -0.01500000 0.10700000
v 0.00800000 -0.01500000 0.10700000
v -0.02200000 -0.01500000 0.12100000
v -0.02200000 -0.01500000 0.10700000
v -0.02200000 -0.01500000 0.10700000
v -0.02200000 0.01500000 0.12100000
v -0.02200000 0.01500000 0.10700000
v -0.02200000 0.01500000 0.10700000
v 0.00800000 -0.01500000 0.10700000
v -0.02200000 -0.01500000 0.10700000
v -0.02200000 -0.01500000 0.12100000
v 0.00800000 0.01500000 0.12100000
v -0.02200000 0.01500000 0.12100000
v 0.00800000 -0.01500000 0.12100000
v -0.02200000 -0.01500000 0.12100000
v 0.00800000 -0.01500000 0.10700000
v 0.00800000 -0.01500000 0.12100000
v 0.00800000 0.01500000 0.12100000
v -0.02200000 -0.01500000 0.12100000
v -0.02200000 0.01500000 0.12100000
v 0.00800000 0.01500000 0.12100000
v -0.02200000 0.01500000 0.10700000
v 0.00800000 0.01500000 0.10700000
v 0.00800000 -0.01500000 0.10700000
v -0.02200000 0.01500000 0.10700000
v -0.02200000 0.01500000 0.10700000
v 0.00800000 0.01500000 0.12100000
v 0.00800000 0.01500000 0.10700000
v 0.00800000 0.01500000 0.10700000
v 0.00800000 -0.01500000 0.12100000
v 0.00800000 -0.01500000 0.10700000
v 0.00800000 0.01500000 0.12100000
v 0.00800000 -0.01500000 0.12100000
v 0.00800000 0.01500000 0.10700000
v -0.00300000 -0.01500000 0.13700000
v -0.00300000 0.01500000 0.13700000
v -0.00300000 -0.01500000 0.12100000
v 0.00300000 -0.01500000 0.12100000
v -0.00300000 -0.01500000 0.13700000
v -0.00300000 -0.01500000 0.12100000
v -0.00300000 -0.01500000 0.12100000
v -0.00300000 0.01500000 0.13700000
v -0.00300000 0.01500000 0.12100000
v -0.00300000 0.01500000 0.12100000
v 0.00300000 -0.01500000 0.12100000
v -0.00300000 -0.01500000 0.12100000
v -0.00300000 -0.01500000 0.13700000
v 0.00300000 0.01500000 0.13700000
v -0.00300000 0.01500000 0.13700000
v 0.00300000 -0.01500000 0.13700000
v -0.00300000 -0.01500000 0.13700000
v 0.00300000 -0.01500000 0.12100000
v 0.00300000 -0.01500000 0.13700000
v 0.00300000 0.01500000 0.13700000
v -0.00300000 -0.01500000 0.13700000
v -0.00300000 0.01500000 0.13700000
v 0.00300000 0.01500000 0.13700000
v -0.00300000 0.01500000 0.12100000
v 0.00300000 0.01500000 0.12100000
v 0.00300000 -0.01500000 0.12100000
v -0.00300000 0.01500000 0.12100000
v -0.00300000 0.01500000 0.12100000
v 0.00300000 0.01500000 0.13700000
v 0.00300000 0.01500000 0.12100000
v 0.00300000 0.01500000 0.12100000
v 0.00300000 -0.01500000 0.13700000
v 0.00300000 -0.01500000 0.12100000
v 0.00300000 0.01500000 0.13700000
v 0.00300000 -0.01500000 0.13700000
v 0.00300000 0.01500000 0.12100000
v 0.50100000 -0.01200000 0.10700000
v 0.50100000 0.01200000 0.10700000
v 0.50100000 -0.01200000 0.09700000
v 0.52500000 -0.01200000 0.09700000
v 0.50100000 -0.01200000 0.10700000
v 0.50100000 -0.01200000 0.09700000
v 0.50100000 -0.01200000 0.09700000
v 0.50100000 0.01200000 0.10700000
v 0.50100000 0.01200000 0.09700000
v 0.50100000 0.01200000 0.09700000
v 0.52500000 -0.01200000 0.09700000
v 0.50100000 -0.01200000 0.09700000
v 0.50100000 -0.01200000 0.10700000
v 0.52500000 0.01200000 0.10700000
v 0.50100000 0.01200000 0.10700000
v 0.52500000 -0.01200000 0.10700000
v 0.50100000 -0.01200000 0.10700000
v 0.52500000 -0.01200000 0.09700000
v 0.52500000 -0.01200000 0.10700000
v 0.52500000 0.01200000 0.10700000
v 0.50100000 -0.01200000 0.10700000
v 0.50100000 0.01200000 0.10700000
v 0.52500000 0.01200000 0.10700000
v 0.50100000 0.01200000 0.09700000
v 0.52500000 0.01200000 0.09700000
v 0.52500000 -0.01200000 0.09700000
v 0.50100000 0.01200000 0.09700000
v 0.50100000 0.01200000 0.09700000
v 0.52500000 0.01200000 0.10700000
v 0.52500000 0.01200000 0.09700000
v 0.52500000 0.01200000 0.09700000
v 0.52500000 -0.01200000 0.10700000
v 0.52500000 -0.01200000 0.09700000
v 0.52500000 0.01200000 0.10700000
v 0.52500000 -0.01200000 0.10700000
v 0.52500000 0.01200000 0.09700000
f 1 2 3
f 4 5 6
f 7 8 9
f 10 11 12
f 13 14 15
f 16 17 18
f 19 20 21
f 22 23 24
f 25 26 27
f 28 29 30
f 31 32 33
f 34 35 36
f 37 38 39
f 40 41 42
f 43 44 45
f 46 47 48
f 49 50 51
f 52 53 54
f 55 56 57
f 58 59 60
f 61 62 63
f 64 65 66
f 67 68 69
f 70 71 72
f 73 74 75
f 76 77 78
f 79 80 81
f 82 83 84
f 85 86 87
f 88 89 90
f 91 92 93
f 94 95 96
f 97 98 99
f 100 101 102
f 103 104 105
f 106 107 108
f 109 110 111
f 112 113 114
f 115 116 117
f 118 119 120
f 121 122 123
f 124 125 126
f 127 128 129
f 130 131 132
f 133 134 135
f 136 137 138
f 139 140 141
f 142 143 144
f 145 146 147
f 148 149 150
f 151 152 153
f 154 155 156
f 157 158 159
f 160 161 162
f 163 164 165
f 166 167 168
f 169 170 171
f 172 173 174
f 175 176 177
f 178 179 180
f 181 182 183
f 184 185 186
f 187 188 189
f 190 191 192
f 193 194 195
f 196 197 198
f 199 200 201
f 202 203 204
f 205 206 207
f 208 209 210
f 211 212 213
f 214 215 216
f 217 218 219
f 220 221 222
f 223 224 225
f 226 227 228
f 229 230 231
f 232 233 234
f 235 236 237
f 238 239 240
f 241 242 243
f 244 245 246
f 247 248 249
f 250 251 252
f 253 254 255
f 256 257 258
f 259 260 261
f 262 263 264
f 265 266 267
f 268 269 270
f 271 272 273
f 274 275 276
f 277 278 279
f 280 281 282
f 283 284 285
f 286 287 288
f 289 290 291
f 292 293 294
f 295 296 297
f 298 299 300
f 301 302 303
f 304 305 306
f 307 308 309
f 310 311 312
f 313 314 315
f 316 317 318
f 319 320 321
f 322 323 324
f 325 326 327
f 328 329 330
f 331 332 333
f 334 335 336
f 337 338 339
f 340 341 342
f 343 344 345
f 346 347 348
f 349 350 351
f 352 353 354
f 355 356 357
f 358 359 360
f 361 362 363
f 364 365 366
f 367 368 369
f 370 371 372
f 373 374 375
f 376 377 378
f 379 380 381
f 382 383 384
f 385 386 387
f 388 389 390
f 391 392 393
f 394 395 396
f 397 398 399
f 400 401 402
f 403 404 405
f 406 407 408
f 409 410 411
f 412 413 414
f 415 416 417
f 418 419 420
f 421 422 423
f 424 425 426
f 427 428 429
f 430 431 432
f 433 434 435
f 436 437 438
f 439 440 441
f 442 443 444
f 445 446 447
f 448 449 450
f 451 452 453
f 454 455 456
f 457 458 459
f 460 461 462
f 463 464 465
f 466 467 468
f 469 470 471
f 472 473 474
f 475 476 477
f 478 479 480
f 481 482 483
f 484 485 486
f 487 488 489
f 490 491 492
f 493 494 495
f 496 497 498
f 499 500 501
f 502 503 504
f 505 506 507
f 508 509 510
f 511 512 513
f 514 515 516
f 517 518 519
f 520 521 522
f 523 524 525
f 526 527 528
f 529 530 531
f 532 533 534
f 535 536 537
f 538 539 540
f 541 542 543
f 544 545 546
f 547 548 549
f 550 551 552
f 553 554 555
f 556 557 558
f 559 560 561
f 562 563 564
f 565 566 567
f 568 569 570
f 571 572 573
f 574 575 576
f 577 578 579
f 580 581 582
f 583 584 585
f 586 587 588
f 589 590 591
f 592 593 594
f 595 596 597
f 598 599 600
f 601 602 603
f 604 605 606
f 607 608 609
f 610 611 612
f 613 614 615
f 616 617 618
f 619 620 621
f 622 623 624
f 625 626 627
f 628 629 630
f 631 632 633
f 634 635 636
f 637 638 639
f 640 641 642
f 643 644 645
f 646 647 648
f 649 650 651
f 652 653 654
f 655 656 657
f 658 659 660
f 661 662 663
f 664 665 666
f 667 668 669
f 670 671 672
f 673 674 675
f 676 677 678
f 679 680 681
f 682 683 684
f 685 686 687
f 688 689 690
f 691 692 693
f 694 695 696
f 697 698 699
f 700 701 702
f 703 704 705
f 706 707 708
f 709 710 711
f 712 713 714
f 715 716 717
f 718 719 720
f 721 722 723
f 724 725 726
f 727 728 729
f 730 731 732
f 733 734 735
f 736 737 738
f 739 740 741
f 742 743 744
f 745 746 747
f 748 749 750
f 751 752 753
f 754 755 756
f 757 758 759
f 760 761 762
f 763 764 765
f 766 767 768
f 769 770 771
f 772 773 774
f 775 776 777
f 778 779 780
f 781 782 783
f 784 785 786
f 787 788 789
f 790 791 792
f 793 794 795
f 796 797 798
f 799 800 801
f 802 803 804
f 805 806 807
f 808 809 810
f 811 812 813
f 814 815 816
f 817 818 819
f 820 821 822
f 823 824 825
f 826 827 828
f 829 830 831
f 832 833 834
f 835 836 837
f 838 839 840
f 841 842 843
f 844 845 846
f 847 848 849
f 850 851 852
f 853 854 855
f 856 857 858
f 859 860 861
f 862 863 864
f 865 866 867
f 868 869 870
f 871 872 873
f 874 875 876
f 877 878 879
f 880 881 882
f 883 884 885
f 886 887 888
f 889 890 891
f 892 893 894
f 895 896 897
f 898 899 900
f 901 902 903
f 904 905 906
f 907 908 909
f 910 911 912
f 913 914 915
f 916 917 918
f 919 920 921
f 922 923 924
f 925 926 927
f 928 929 930
f 931 932 933
f 934 935 936
f 937 938 939
f 940 941 942
f 943 944 945
f 946 947 948
f 949 950 951
f 952 953 954
f 955 956 957
f 958 959 960
f 961 962 963
f 964 965 966
f 967 968 969
f 970 971 972
f 973 974 975
f 976 977 978
f 979 980 981
f 982 983 984
f 985 986 987
f 988 989 990
f 991 992 993
f 994 995 996
f 997 998 999
f 1000 1001 1002
f 1003 1004 1005
f 1006 1007 1008
f 1009 1010 1011
f 1012 1013 1014
f 1015 1016 1017
f 1018 1019 1020
f 1021 1022 1023
f 1024 1025 1026
f 1027 1028 1029
f 1030 1031 1032
f 1033 1034 1035
f 1036 1037 1038
f 1039 1040 1041
f 1042 1043 1044
f 1045 1046 1047
f 1048 1049 1050
f 1051 1052 1053
f 1054 1055 1056
f 1057 1058 1059
f 1060 1061 1062
f 1063 1064 1065
f 1066 1067 1068
f 1069 1070 1071
f 1072 1073 1074
f 1075 1076 1077
f 1078 1079 1080
f 1081 1082 1083
f 1084 1085 1086
f 1087 1088 1089
f 1090 1091 1092
f 1093 1094 1095
f 1096 1097 1098
f 1099 1100 1101
f 1102 1103 1104
f 1105 1106 1107
f 1108 1109 1110
f 1111 1112 1113
f 1114 1115 1116
f 1117 1118 1119
f 1120 1121 1122
f 1123 1124 1125
f 1126 1127 1128
f 1129 1130 1131
f 1132 1133 1134
f 1135 1136 1137
f 1138 1139 1140
f 1141 1142 1143
f 1144 1145 1146
f 1147 1148 1149
f 1150 1151 1152
f 1153 1154 1155
f 1156 1157 1158
f 1159 1160 1161
f 1162 1163 1164
f 1165 1166 1167
f 1168 1169 1170
f 1171 1172 1173
f 1174 1175 1176
f 1177 1178 1179
f 1180 1181 1182
f 1183 1184 1185
f 1186 1187 1188
f 1189 1190 1191
f 1192 1193 1194
f 1195 1196 1197
f 1198 1199 1200
f 1201 1202 1203
f 1204 1205 1206
f 1207 1208 1209
f 1210 1211 1212
f 1213 1214 1215
f 1216 1217 1218
f 1219 1220 1221
f 1222 1223 1224
f 1225 1226 1227
f 1228 1229 1230
f 1231 1232 1233
f 1234 1235 1236
f 1237 1238 1239
f 1240 1241 1242
f 1243 1244 1245
f 1246 1247 1248
f 1249 1250 1251
f 1252 1253 1254
f 1255 1256 1257
f 1258 1259 1260
f 1261 1262 1263
f 1264 1265 1266
f 1267 1268 1269
f 1270 1271 1272
f 1273 1274 1275
f 1276 1277 1278
f 1279 1280 1281
f 1282 1283 1284
f 1285 1286 1287
f 1288 1289 1290
f 1291 1292 1293
f 1294 1295 1296
f 1297 1298 1299
f 1300 1301 1302
f 1303 1304 1305
f 1306 1307 1308
f 1309 1310 1311
f 1312 1313 1314
f 1315 1316 1317
f 1318 1319 1320
f 1321 1322 1323
f 1324 1325 1326
f 1327 1328 1329
f 1330 1331 1332
f 1333 1334 1335
f 1336 1337 1338
f 1339 1340 1341
f 1342 1343 1344
f 1345 1346 1347
f 1348 1349 1350
f 1351 1352 1353
f 1354 1355 1356
f 1357 1358 1359
f 1360 1361 1362
f 1363 1364 1365
f 1366 1367 1368
f 1369 1370 1371
f 1372 1373 1374
f 1375 1376 1377
f 1378 1379 1380
f 1381 1382 1383
f 1384 1385 1386
f 1387 1388 1389
f 1390 1391 1392
f 1393 1394 1395
f 1396 1397 1398
f 1399 1400 1401
f 1402 1403 1404
f 1405 1406 1407
f 1408 1409 1410
f 1411 1412 1413
f 1414 1415 1416
f 1417 1418 1419
f 1420 1421 1422
f 1423 1424 1425
f 1426 1427 1428
f 1429 1430 1431
f 1432 1433 1434
f 1435 1436 1437
f 1438 1439 1440
f 1441 1442 1443
f 1444 1445 1446
f 1447 1448 1449
f 1450 1451 1452
f 1453 1454 1455
f 1456 1457 1458
f 1459 1460 1461
f 1462 1463 1464
f 1465 1466 1467
f 1468 1469 1470
f 1471 1472 1473
f 1474 1475 1476
f 1477 1478 1479
f 1480 1481 1482
f 1483 1484 1485
f 1486 1487 1488
f 1489 1490 1491
f 1492 1493 1494
f 1495 1496 1497
f 1498 1499 1500
f 1501 1502 1503
f 1504 1505 1506
f 1507 1508 1509
f 1510 1511 1512
f 1513 1514 1515
f 1516 1517 1518
f 1519 1520 1521
f 1522 1523 1524
f 1525 1526 1527
f 1528 1529 1530
f 1531 1532 1533
f 1534 1535 1536
f 1537 1538 1539
f 1540 1541 1542
f 1543 1544 1545
f 1546 1547 1548
f 1549 1550 1551
f 1552 1553 1554
f 1555 1556 1557
f 1558 1559 1560
f 1561 1562 1563
f 1564 1565 1566
f 1567 1568 1569
f 1570 1571 1572
f 1573 1574 1575
f 1576 1577 1578
f 1579 1580 1581
f 1582 1583 1584
f 1585 1586 1587
f 1588 1589 1590
f 1591 1592 1593
f 1594 1595 1596
f 1597 1598 1599
f 1600 1601 1602
f 1603 1604 1605
f 1606 1607 1608
f 1609 1610 1611
f 1612 1613 1614
f 1615 1616 1617
f 1618 1619 1620
f 1621 1622 1623
f 1624 1625 1626
f 1627 1628 1629
f 1630 1631 1632
f 1633 1634 1635
f 1636 1637 1638
f 1639 1640 1641
f 1642 1643 1644
f 1645 1646 1647
f 1648 1649 1650
f 1651 1652 1653
f 1654 1655 1656
f 1657 1658 1659
f 1660 1661 1662
f 1663 1664 1665
f 1666 1667 1668
f 1669 1670 1671
f 1672 1673 1674
f 1675 1676 1677
f 1678 1679 1680
f 1681 1682 1683
f 1684 1685 1686
f 1687 1688 1689
f 1690 1691 1692
f 1693 1694 1695
f 1696 1697 1698
f 1699 1700 1701
f 1702 1703 1704
f 1705 1706 1707
f 1708 1709 1710
f 1711 1712 1713
f 1714 1715 1716
f 1717 1718 1719
f 1720 1721 1722
f 1723 1724 1725
f 1726 1727 1728
f 1729 1730 1731
f 1732 1733 1734
f 1735 1736 1737
f 1738 1739 1740
f 1741 1742 1743
f 1744 1745 1746
f 1747 1748 1749
f 1750 1751 1752
f 1753 1754 1755
f 1756 1757 1758
f 1759 1760 1761
f 1762 1763 1764
f 1765 1766 1767
f 1768 1769 1770
f 1771 1772 1773
f 1774 1775 1776
f 1777 1778 1779
f 1780 1781 1782
f 1783 1784 1785
f 1786 1787 1788
f 1789 1790 1791
f 1792 1793 1794
f 1795 1796 1797
f 1798 1799 1800
f 1801 1802 1803
f 1804 1805 1806
f 1807 1808 1809
f 1810 1811 1812
f 1813 1814 1815
f 1816 1817 1818
f 1819 1820 1821
f 1822 1823 1824
f 1825 1826 1827
f 1828 1829 1830
f 1831 1832 1833
f 1834 1835 1836
f 1837 1838 1839
f 1840 1841 1842
f 1843 1844 1845
f 1846 1847 1848
f 1849 1850 1851
f 1852 1853 1854
f 1855 1856 1857
f 1858 1859 1860
f 1861 1862 1863
f 1864 1865 1866
f 1867 1868 1869
f 1870 1871 1872
f 1873 1874 1875
f 1876 1877 1878
f 1879 1880 1881
f 1882 1883 1884
f 1885 1886 1887
f 1888 1889 1890
f 1891 1892 1893
f 1894 1895 1896
f 1897 1898 1899
f 1900 1901 1902
f 1903 1904 1905
f 1906 1907 1908
f 1909 1910 1911
f 1912 1913 1914
f 1915 1916 1917
f 1918 1919 1920
f 1921 1922 1923
f 1924 1925 1926
f 1927 1928 1929
f 1930 1931 1932
f 1933 1934 1935
f 1936 1937 1938
f 1939 1940 1941
f 1942 1943 1944
f 1945 1946 1947
f 1948 1949 1950
f 1951 1952 1953
f 1954 1955 1956
f 1957 1958 1959
f 1960 1961 1962
f 1963 1964 1965
f 1966 1967 1968
f 1969 1970 1971
f 1972 1973 1974
f 1975 1976 1977
f 1978 1979 1980
f 1981 1982 1983
f 1984 1985 1986
f 1987 1988 1989
f 1990 1991 1992
f 1993 1994 1995
f 1996 1997 1998
f 1999 2000 2001
f 2002 2003 2004
f 2005 2006 2007
f 2008 2009 2010
f 2011 2012 2013
f 2014 2015 2016

o Furniture
usemtl M_Rifle_Polymer
v -0.33200000 -0.02200000 0.08400000
v -0.33200000 0.02200000 0.08400000
v -0.33200000 -0.02200000 0.02400000
v -0.18200000 -0.02200000 0.02400000
v -0.33200000 -0.02200000 0.08400000
v -0.33200000 -0.02200000 0.02400000
v -0.33200000 -0.02200000 0.02400000
v -0.33200000 0.02200000 0.08400000
v -0.33200000 0.02200000 0.02400000
v -0.33200000 0.02200000 0.02400000
v -0.18200000 -0.02200000 0.02400000
v -0.33200000 -0.02200000 0.02400000
v -0.33200000 -0.02200000 0.08400000
v -0.18200000 0.02200000 0.08400000
v -0.33200000 0.02200000 0.08400000
v -0.18200000 -0.02200000 0.08400000
v -0.33200000 -0.02200000 0.08400000
v -0.18200000 -0.02200000 0.02400000
v -0.18200000 -0.02200000 0.08400000
v -0.18200000 0.02200000 0.08400000
v -0.33200000 -0.02200000 0.08400000
v -0.33200000 0.02200000 0.08400000
v -0.18200000 0.02200000 0.08400000
v -0.33200000 0.02200000 0.02400000
v -0.18200000 0.02200000 0.02400000
v -0.18200000 -0.02200000 0.02400000
v -0.33200000 0.02200000 0.02400000
v -0.33200000 0.02200000 0.02400000
v -0.18200000 0.02200000 0.08400000
v -0.18200000 0.02200000 0.02400000
v -0.18200000 0.02200000 0.02400000
v -0.18200000 -0.02200000 0.08400000
v -0.18200000 -0.02200000 0.02400000
v -0.18200000 0.02200000 0.08400000
v -0.18200000 -0.02200000 0.08400000
v -0.18200000 0.02200000 0.02400000
v -0.31200000 -0.01800000 0.09900000
v -0.31200000 0.01800000 0.09900000
v -0.31200000 -0.01800000 0.08100000
v -0.18200000 -0.01800000 0.08100000
v -0.31200000 -0.01800000 0.09900000
v -0.31200000 -0.01800000 0.08100000
v -0.31200000 -0.01800000 0.08100000
v -0.31200000 0.01800000 0.09900000
v -0.31200000 0.01800000 0.08100000
v -0.31200000 0.01800000 0.08100000
v -0.18200000 -0.01800000 0.08100000
v -0.31200000 -0.01800000 0.08100000
v -0.31200000 -0.01800000 0.09900000
v -0.18200000 0.01800000 0.09900000
v -0.31200000 0.01800000 0.09900000
v -0.18200000 -0.01800000 0.09900000
v -0.31200000 -0.01800000 0.09900000
v -0.18200000 -0.01800000 0.08100000
v -0.18200000 -0.01800000 0.09900000
v -0.18200000 0.01800000 0.09900000
v -0.31200000 -0.01800000 0.09900000
v -0.31200000 0.01800000 0.09900000
v -0.18200000 0.01800000 0.09900000
v -0.31200000 0.01800000 0.08100000
v -0.18200000 0.01800000 0.08100000
v -0.18200000 -0.01800000 0.08100000
v -0.31200000 0.01800000 0.08100000
v -0.31200000 0.01800000 0.08100000
v -0.18200000 0.01800000 0.09900000
v -0.18200000 0.01800000 0.08100000
v -0.18200000 0.01800000 0.08100000
v -0.18200000 -0.01800000 0.09900000
v -0.18200000 -0.01800000 0.08100000
v -0.18200000 0.01800000 0.09900000
v -0.18200000 -0.01800000 0.09900000
v -0.18200000 0.01800000 0.08100000
v -0.35400000 -0.02500000 0.09200000
v -0.35400000 0.02500000 0.09200000
v -0.35400000 -0.02500000 -0.02800000
v -0.33200000 -0.02500000 -0.02800000
v -0.35400000 -0.02500000 0.09200000
v -0.35400000 -0.02500000 -0.02800000
v -0.35400000 -0.02500000 -0.02800000
v -0.35400000 0.02500000 0.09200000
v -0.35400000 0.02500000 -0.02800000
v -0.35400000 0.02500000 -0.02800000
v -0.33200000 -0.02500000 -0.02800000
v -0.35400000 -0.02500000 -0.02800000
v -0.35400000 -0.02500000 0.09200000
v -0.33200000 0.02500000 0.09200000
v -0.35400000 0.02500000 0.09200000
v -0.33200000 -0.02500000 0.09200000
v -0.35400000 -0.02500000 0.09200000
v -0.33200000 -0.02500000 -0.02800000
v -0.33200000 -0.02500000 0.09200000
v -0.33200000 0.02500000 0.09200000
v -0.35400000 -0.02500000 0.09200000
v -0.35400000 0.02500000 0.09200000
v -0.33200000 0.02500000 0.09200000
v -0.35400000 0.02500000 -0.02800000
v -0.33200000 0.02500000 -0.02800000
v -0.33200000 -0.02500000 -0.02800000
v -0.35400000 0.02500000 -0.02800000
v -0.35400000 0.02500000 -0.02800000
v -0.33200000 0.02500000 0.09200000
v -0.33200000 0.02500000 -0.02800000
v -0.33200000 0.02500000 -0.02800000
v -0.33200000 -0.02500000 0.09200000
v -0.33200000 -0.02500000 -0.02800000
v -0.33200000 0.02500000 0.09200000
v -0.33200000 -0.02500000 0.09200000
v -0.33200000 0.02500000 -0.02800000
v -0.33755116 -0.02000000 0.02293233
v -0.33755116 0.02000000 0.02293233
v -0.33368041 -0.02000000 0.00740759
v -0.20754197 -0.02000000 0.03885744
v -0.33755116 -0.02000000 0.02293233
v -0.33368041 -0.02000000 0.00740759
v -0.33368041 -0.02000000 0.00740759
v -0.33755116 0.02000000 0.02293233
v -0.33368041 0.02000000 0.00740759
v -0.33368041 0.02000000 0.00740759
v -0.20754197 -0.02000000 0.03885744
v -0.33368041 -0.02000000 0.00740759
v -0.33755116 -0.02000000 0.02293233
v -0.21141272 0.02000000 0.05438217
v -0.33755116 0.02000000 0.02293233
v -0.21141272 -0.02000000 0.05438217
v -0.33755116 -0.02000000 0.02293233
v -0.20754197 -0.02000000 0.03885744
v -0.21141272 -0.02000000 0.05438217
v -0.21141272 0.02000000 0.05438217
v -0.33755116 -0.02000000 0.02293233
v -0.33755116 0.02000000 0.02293233
v -0.21141272 0.02000000 0.05438217
v -0.33368041 0.02000000 0.00740759
v -0.20754197 0.02000000 0.03885744
v -0.20754197 -0.02000000 0.03885744
v -0.33368041 0.02000000 0.00740759
v -0.33368041 0.02000000 0.00740759
v -0.21141272 0.02000000 0.05438217
v -0.20754197 0.02000000 0.03885744
v -0.20754197 0.02000000 0.03885744
v -0.21141272 -0.02000000 0.05438217
v -0.20754197 -0.02000000 0.03885744
v -0.21141272 0.02000000 0.05438217
v -0.21141272 -0.02000000 0.05438217
v -0.20754197 0.02000000 0.03885744
v -0.01653736 -0.01700000 0.00278671
v -0.01653736 0.01700000 0.00278671
v 0.01416167 -0.01700000 -0.09762529
v 0.04285081 -0.01700000 -0.08885414
v -0.01653736 -0.01700000 0.00278671
v 0.01416167 -0.01700000 -0.09762529
v 0.01416167 -0.01700000 -0.09762529
v -0.01653736 0.01700000 0.00278671
v 0.01416167 0.01700000 -0.09762529
v 0.01416167 0.01700000 -0.09762529
v 0.04285081 -0.01700000 -0.08885414
v 0.01416167 -0.01700000 -0.09762529
v -0.01653736 -0.01700000 0.00278671
v 0.01215178 0.01700000 0.01155786
v -0.01653736 0.01700000 0.00278671
v 0.01215178 -0.01700000 0.01155786
v -0.01653736 -0.01700000 0.00278671
v 0.04285081 -0.01700000 -0.08885414
v 0.01215178 -0.01700000 0.01155786
v 0.01215178 0.01700000 0.01155786
v -0.01653736 -0.01700000 0.00278671
v -0.01653736 0.01700000 0.00278671
v 0.01215178 0.01700000 0.01155786
v 0.01416167 0.01700000 -0.09762529
v 0.04285081 0.01700000 -0.08885414
v 0.04285081 -0.01700000 -0.08885414
v 0.01416167 0.01700000 -0.09762529
v 0.01416167 0.01700000 -0.09762529
v 0.01215178 0.01700000 0.01155786
v 0.04285081 0.01700000 -0.08885414
v 0.04285081 0.01700000 -0.08885414
v 0.01215178 -0.01700000 0.01155786
v 0.04285081 -0.01700000 -0.08885414
v 0.01215178 0.01700000 0.01155786
v 0.01215178 -0.01700000 0.01155786
v 0.04285081 0.01700000 -0.08885414
v 0.07910607 -0.01300000 -0.01268247
v 0.07910607 0.01300000 -0.01268247
v 0.06866809 -0.01300000 -0.08695257
v 0.13798685 -0.01300000 -0.09669469
v 0.07910607 -0.01300000 -0.01268247
v 0.06866809 -0.01300000 -0.08695257
v 0.06866809 -0.01300000 -0.08695257
v 0.07910607 0.01300000 -0.01268247
v 0.06866809 0.01300000 -0.08695257
v 0.06866809 0.01300000 -0.08695257
v 0.13798685 -0.01300000 -0.09669469
v 0.06866809 -0.01300000 -0.08695257
v 0.07910607 -0.01300000 -0.01268247
v 0.14842483 0.01300000 -0.02242458
v 0.07910607 0.01300000 -0.01268247
v 0.14842483 -0.01300000 -0.02242458
v 0.07910607 -0.01300000 -0.01268247
v 0.13798685 -0.01300000 -0.09669469
v 0.14842483 -0.01300000 -0.02242458
v 0.14842483 0.01300000 -0.02242458
v 0.07910607 -0.01300000 -0.01268247
v 0.07910607 0.01300000 -0.01268247
v 0.14842483 0.01300000 -0.02242458
v 0.06866809 0.01300000 -0.08695257
v 0.13798685 0.01300000 -0.09669469
v 0.13798685 -0.01300000 -0.09669469
v 0.06866809 0.01300000 -0.08695257
v 0.06866809 0.01300000 -0.08695257
v 0.14842483 0.01300000 -0.02242458
v 0.13798685 0.01300000 -0.09669469
v 0.13798685 0.01300000 -0.09669469
v 0.14842483 -0.01300000 -0.02242458
v 0.13798685 -0.01300000 -0.09669469
v 0.14842483 0.01300000 -0.02242458
v 0.14842483 -0.01300000 -0.02242458
v 0.13798685 0.01300000 -0.09669469
v 0.09784840 -0.01300000 -0.06755714
v 0.09784840 0.01300000 -0.06755714
v 0.06975291 -0.01300000 -0.13709593
v 0.13465578 -0.01300000 -0.16331839
v 0.09784840 -0.01300000 -0.06755714
v 0.06975291 -0.01300000 -0.13709593
v 0.06975291 -0.01300000 -0.13709593
v 0.09784840 0.01300000 -0.06755714
v 0.06975291 0.01300000 -0.13709593
v 0.06975291 0.01300000 -0.13709593
v 0.13465578 -0.01300000 -0.16331839
v 0.06975291 -0.01300000 -0.13709593
v 0.09784840 -0.01300000 -0.06755714
v 0.16275127 0.01300000 -0.09377960
v 0.09784840 0.01300000 -0.06755714
v 0.16275127 -0.01300000 -0.09377960
v 0.09784840 -0.01300000 -0.06755714
v 0.13465578 -0.01300000 -0.16331839
v 0.16275127 -0.01300000 -0.09377960
v 0.16275127 0.01300000 -0.09377960
v 0.09784840 -0.01300000 -0.06755714
v 0.09784840 0.01300000 -0.06755714
v 0.16275127 0.01300000 -0.09377960
v 0.06975291 0.01300000 -0.13709593
v 0.13465578 0.01300000 -0.16331839
v 0.13465578 -0.01300000 -0.16331839
v 0.06975291 0.01300000 -0.13709593
v 0.06975291 0.01300000 -0.13709593
v 0.16275127 0.01300000 -0.09377960
v 0.13465578 0.01300000 -0.16331839
v 0.13465578 0.01300000 -0.16331839
v 0.16275127 -0.01300000 -0.09377960
v 0.13465578 -0.01300000 -0.16331839
v 0.16275127 0.01300000 -0.09377960
v 0.16275127 -0.01300000 -0.09377960
v 0.13465578 0.01300000 -0.16331839
v 0.10853489 -0.01500000 -0.13052545
v 0.10853489 0.01500000 -0.13052545
v 0.10329040 -0.01500000 -0.14350602
v 0.17746511 -0.01500000 -0.17347455
v 0.10853489 -0.01500000 -0.13052545
v 0.10329040 -0.01500000 -0.14350602
v 0.10329040 -0.01500000 -0.14350602
v 0.10853489 0.01500000 -0.13052545
v 0.10329040 0.01500000 -0.14350602
v 0.10329040 0.01500000 -0.14350602
v 0.17746511 -0.01500000 -0.17347455
v 0.10329040 -0.01500000 -0.14350602
v 0.10853489 -0.01500000 -0.13052545
v 0.18270960 0.01500000 -0.16049398
v 0.10853489 0.01500000 -0.13052545
v 0.18270960 -0.01500000 -0.16049398
v 0.10853489 -0.01500000 -0.13052545
v 0.17746511 -0.01500000 -0.17347455
v 0.18270960 -0.01500000 -0.16049398
v 0.18270960 0.01500000 -0.16049398
v 0.10853489 -0.01500000 -0.13052545
v 0.10853489 0.01500000 -0.13052545
v 0.18270960 0.01500000 -0.16049398
v 0.10329040 0.01500000 -0.14350602
v 0.17746511 0.01500000 -0.17347455
v 0.17746511 -0.01500000 -0.17347455
v 0.10329040 0.01500000 -0.14350602
v 0.10329040 0.01500000 -0.14350602
v 0.18270960 0.01500000 -0.16049398
v 0.17746511 0.01500000 -0.17347455
v 0.17746511 0.01500000 -0.17347455
v 0.18270960 -0.01500000 -0.16049398
v 0.17746511 -0.01500000 -0.17347455
v 0.18270960 0.01500000 -0.16049398
v 0.18270960 -0.01500000 -0.16049398
v 0.17746511 0.01500000 -0.17347455
f 2017 2018 2019
f 2020 2021 2022
f 2023 2024 2025
f 2026 2027 2028
f 2029 2030 2031
f 2032 2033 2034
f 2035 2036 2037
f 2038 2039 2040
f 2041 2042 2043
f 2044 2045 2046
f 2047 2048 2049
f 2050 2051 2052
f 2053 2054 2055
f 2056 2057 2058
f 2059 2060 2061
f 2062 2063 2064
f 2065 2066 2067
f 2068 2069 2070
f 2071 2072 2073
f 2074 2075 2076
f 2077 2078 2079
f 2080 2081 2082
f 2083 2084 2085
f 2086 2087 2088
f 2089 2090 2091
f 2092 2093 2094
f 2095 2096 2097
f 2098 2099 2100
f 2101 2102 2103
f 2104 2105 2106
f 2107 2108 2109
f 2110 2111 2112
f 2113 2114 2115
f 2116 2117 2118
f 2119 2120 2121
f 2122 2123 2124
f 2125 2126 2127
f 2128 2129 2130
f 2131 2132 2133
f 2134 2135 2136
f 2137 2138 2139
f 2140 2141 2142
f 2143 2144 2145
f 2146 2147 2148
f 2149 2150 2151
f 2152 2153 2154
f 2155 2156 2157
f 2158 2159 2160
f 2161 2162 2163
f 2164 2165 2166
f 2167 2168 2169
f 2170 2171 2172
f 2173 2174 2175
f 2176 2177 2178
f 2179 2180 2181
f 2182 2183 2184
f 2185 2186 2187
f 2188 2189 2190
f 2191 2192 2193
f 2194 2195 2196
f 2197 2198 2199
f 2200 2201 2202
f 2203 2204 2205
f 2206 2207 2208
f 2209 2210 2211
f 2212 2213 2214
f 2215 2216 2217
f 2218 2219 2220
f 2221 2222 2223
f 2224 2225 2226
f 2227 2228 2229
f 2230 2231 2232
f 2233 2234 2235
f 2236 2237 2238
f 2239 2240 2241
f 2242 2243 2244
f 2245 2246 2247
f 2248 2249 2250
f 2251 2252 2253
f 2254 2255 2256
f 2257 2258 2259
f 2260 2261 2262
f 2263 2264 2265
f 2266 2267 2268
f 2269 2270 2271
f 2272 2273 2274
f 2275 2276 2277
f 2278 2279 2280
f 2281 2282 2283
f 2284 2285 2286
f 2287 2288 2289
f 2290 2291 2292
f 2293 2294 2295
f 2296 2297 2298
f 2299 2300 2301
f 2302 2303 2304

o BarrelAssembly
usemtl M_Rifle_Gunmetal
v -0.33200000 0.00000000 0.06600000
v -0.33200000 0.00000000 0.05050000
v -0.04200000 0.00000000 0.05050000
v -0.04200000 0.00000000 0.06600000
v -0.33200000 0.00302390 0.05079783
v -0.04200000 0.00302390 0.05079783
v -0.33200000 0.00593159 0.05167987
v -0.04200000 0.00593159 0.05167987
v -0.33200000 0.00861134 0.05311222
v -0.04200000 0.00861134 0.05311222
v -0.33200000 0.01096016 0.05503984
v -0.04200000 0.01096016 0.05503984
v -0.33200000 0.01288778 0.05738866
v -0.04200000 0.01288778 0.05738866
v -0.33200000 0.01432013 0.06006841
v -0.04200000 0.01432013 0.06006841
v -0.33200000 0.01520217 0.06297610
v -0.04200000 0.01520217 0.06297610
v -0.33200000 0.01550000 0.06600000
v -0.04200000 0.01550000 0.06600000
v -0.33200000 0.01520217 0.06902390
v -0.04200000 0.01520217 0.06902390
v -0.33200000 0.01432013 0.07193159
v -0.04200000 0.01432013 0.07193159
v -0.33200000 0.01288778 0.07461134
v -0.04200000 0.01288778 0.07461134
v -0.33200000 0.01096016 0.07696016
v -0.04200000 0.01096016 0.07696016
v -0.33200000 0.00861134 0.07888778
v -0.04200000 0.00861134 0.07888778
v -0.33200000 0.00593159 0.08032013
v -0.04200000 0.00593159 0.08032013
v -0.33200000 0.00302390 0.08120217
v -0.04200000 0.00302390 0.08120217
v -0.33200000 0.00000000 0.08150000
v -0.04200000 0.00000000 0.08150000
v -0.33200000 -0.00302390 0.08120217
v -0.04200000 -0.00302390 0.08120217
v -0.33200000 -0.00593159 0.08032013
v -0.04200000 -0.00593159 0.08032013
v -0.33200000 -0.00861134 0.07888778
v -0.04200000 -0.00861134 0.07888778
v -0.33200000 -0.01096016 0.07696016
v -0.04200000 -0.01096016 0.07696016
v -0.33200000 -0.01288778 0.07461134
v -0.04200000 -0.01288778 0.07461134
v -0.33200000 -0.01432013 0.07193159
v -0.04200000 -0.01432013 0.07193159
v -0.33200000 -0.01520217 0.06902390
v -0.04200000 -0.01520217 0.06902390
v -0.33200000 -0.01550000 0.06600000
v -0.04200000 -0.01550000 0.06600000
v -0.33200000 -0.01520217 0.06297610
v -0.04200000 -0.01520217 0.06297610
v -0.33200000 -0.01432013 0.06006841
v -0.04200000 -0.01432013 0.06006841
v -0.33200000 -0.01288778 0.05738866
v -0.04200000 -0.01288778 0.05738866
v -0.33200000 -0.01096016 0.05503984
v -0.04200000 -0.01096016 0.05503984
v -0.33200000 -0.00861134 0.05311222
v -0.04200000 -0.00861134 0.05311222
v -0.33200000 -0.00593159 0.05167987
v -0.04200000 -0.00593159 0.05167987
v -0.33200000 -0.00302390 0.05079783
v -0.04200000 -0.00302390 0.05079783
v 0.19800000 0.00000000 0.07000000
v 0.19800000 0.00899306 0.04828883
v 0.48300000 0.00899306 0.04828883
v 0.48300000 0.00000000 0.07000000
v 0.19800000 0.02171117 0.06100694
v 0.48300000 0.02171117 0.06100694
v 0.19800000 0.02171117 0.07899306
v 0.48300000 0.02171117 0.07899306
v 0.19800000 0.00899306 0.09171117
v 0.48300000 0.00899306 0.09171117
v 0.19800000 -0.00899306 0.09171117
v 0.48300000 -0.00899306 0.09171117
v 0.19800000 -0.02171117 0.07899306
v 0.48300000 -0.02171117 0.07899306
v 0.19800000 -0.02171117 0.06100694
v 0.48300000 -0.02171117 0.06100694
v 0.19800000 -0.00899306 0.04828883
v 0.48300000 -0.00899306 0.04828883
v 0.19800000 0.00000000 0.07000000
v 0.19800000 0.00000000 0.05600000
v 0.25800000 0.00000000 0.05600000
v 0.25800000 0.00000000 0.07000000
v 0.19800000 0.00273126 0.05626901
v 0.25800000 0.00273126 0.05626901
v 0.19800000 0.00535757 0.05706569
v 0.25800000 0.00535757 0.05706569
v 0.19800000 0.00777798 0.05835943
v 0.25800000 0.00777798 0.05835943
v 0.19800000 0.00989949 0.06010051
v 0.25800000 0.00989949 0.06010051
v 0.19800000 0.01164057 0.06222202
v 0.25800000 0.01164057 0.06222202
v 0.19800000 0.01293431 0.06464243
v 0.25800000 0.01293431 0.06464243
v 0.19800000 0.01373099 0.06726874
v 0.25800000 0.01373099 0.06726874
v 0.19800000 0.01400000 0.07000000
v 0.25800000 0.01400000 0.07000000
v 0.19800000 0.01373099 0.07273126
v 0.25800000 0.01373099 0.07273126
v 0.19800000 0.01293431 0.07535757
v 0.25800000 0.01293431 0.07535757
v 0.19800000 0.01164057 0.07777798
v 0.25800000 0.01164057 0.07777798
v 0.19800000 0.00989949 0.07989949
v 0.25800000 0.00989949 0.07989949
v 0.19800000 0.00777798 0.08164057
v 0.25800000 0.00777798 0.08164057
v 0.19800000 0.00535757 0.08293431
v 0.25800000 0.00535757 0.08293431
v 0.19800000 0.00273126 0.08373099
v 0.25800000 0.00273126 0.08373099
v 0.19800000 0.00000000 0.08400000
v 0.25800000 0.00000000 0.08400000
v 0.19800000 -0.00273126 0.08373099
v 0.25800000 -0.00273126 0.08373099
v 0.19800000 -0.00535757 0.08293431
v 0.25800000 -0.00535757 0.08293431
v 0.19800000 -0.00777798 0.08164057
v 0.25800000 -0.00777798 0.08164057
v 0.19800000 -0.00989949 0.07989949
v 0.25800000 -0.00989949 0.07989949
v 0.19800000 -0.01164057 0.07777798
v 0.25800000 -0.01164057 0.07777798
v 0.19800000 -0.01293431 0.07535757
v 0.25800000 -0.01293431 0.07535757
v 0.19800000 -0.01373099 0.07273126
v 0.25800000 -0.01373099 0.07273126
v 0.19800000 -0.01400000 0.07000000
v 0.25800000 -0.01400000 0.07000000
v 0.19800000 -0.01373099 0.06726874
v 0.25800000 -0.01373099 0.06726874
v 0.19800000 -0.01293431 0.06464243
v 0.25800000 -0.01293431 0.06464243
v 0.19800000 -0.01164057 0.06222202
v 0.25800000 -0.01164057 0.06222202
v 0.19800000 -0.00989949 0.06010051
v 0.25800000 -0.00989949 0.06010051
v 0.19800000 -0.00777798 0.05835943
v 0.25800000 -0.00777798 0.05835943
v 0.19800000 -0.00535757 0.05706569
v 0.25800000 -0.00535757 0.05706569
v 0.19800000 -0.00273126 0.05626901
v 0.25800000 -0.00273126 0.05626901
v 0.25800000 0.00000000 0.07000000
v 0.25800000 0.00000000 0.06050000
v 0.63800000 0.00000000 0.06050000
v 0.63800000 0.00000000 0.07000000
v 0.25800000 0.00185336 0.06068254
v 0.63800000 0.00185336 0.06068254
v 0.25800000 0.00363549 0.06122314
v 0.63800000 0.00363549 0.06122314
v 0.25800000 0.00527792 0.06210104
v 0.63800000 0.00527792 0.06210104
v 0.25800000 0.00671751 0.06328249
v 0.63800000 0.00671751 0.06328249
v 0.25800000 0.00789896 0.06472208
v 0.63800000 0.00789896 0.06472208
v 0.25800000 0.00877686 0.06636451
v 0.63800000 0.00877686 0.06636451
v 0.25800000 0.00931746 0.06814664
v 0.63800000 0.00931746 0.06814664
v 0.25800000 0.00950000 0.07000000
v 0.63800000 0.00950000 0.07000000
v 0.25800000 0.00931746 0.07185336
v 0.63800000 0.00931746 0.07185336
v 0.25800000 0.00877686 0.07363549
v 0.63800000 0.00877686 0.07363549
v 0.25800000 0.00789896 0.07527792
v 0.63800000 0.00789896 0.07527792
v 0.25800000 0.00671751 0.07671751
v 0.63800000 0.00671751 0.07671751
v 0.25800000 0.00527792 0.07789896
v 0.63800000 0.00527792 0.07789896
v 0.25800000 0.00363549 0.07877686
v 0.63800000 0.00363549 0.07877686
v 0.25800000 0.00185336 0.07931746
v 0.63800000 0.00185336 0.07931746
v 0.25800000 0.00000000 0.07950000
v 0.63800000 0.00000000 0.07950000
v 0.25800000 -0.00185336 0.07931746
v 0.63800000 -0.00185336 0.07931746
v 0.25800000 -0.00363549 0.07877686
v 0.63800000 -0.00363549 0.07877686
v 0.25800000 -0.00527792 0.07789896
v 0.63800000 -0.00527792 0.07789896
v 0.25800000 -0.00671751 0.07671751
v 0.63800000 -0.00671751 0.07671751
v 0.25800000 -0.00789896 0.07527792
v 0.63800000 -0.00789896 0.07527792
v 0.25800000 -0.00877686 0.07363549
v 0.63800000 -0.00877686 0.07363549
v 0.25800000 -0.00931746 0.07185336
v 0.63800000 -0.00931746 0.07185336
v 0.25800000 -0.00950000 0.07000000
v 0.63800000 -0.00950000 0.07000000
v 0.25800000 -0.00931746 0.06814664
v 0.63800000 -0.00931746 0.06814664
v 0.25800000 -0.00877686 0.06636451
v 0.63800000 -0.00877686 0.06636451
v 0.25800000 -0.00789896 0.06472208
v 0.63800000 -0.00789896 0.06472208
v 0.25800000 -0.00671751 0.06328249
v 0.63800000 -0.00671751 0.06328249
v 0.25800000 -0.00527792 0.06210104
v 0.63800000 -0.00527792 0.06210104
v 0.25800000 -0.00363549 0.06122314
v 0.63800000 -0.00363549 0.06122314
v 0.25800000 -0.00185336 0.06068254
v 0.63800000 -0.00185336 0.06068254
v 0.63800000 0.00000000 0.07000000
v 0.63800000 0.00000000 0.05850000
v 0.69300000 0.00000000 0.05850000
v 0.69300000 0.00000000 0.07000000
v 0.63800000 0.00224354 0.05872097
v 0.69300000 0.00224354 0.05872097
v 0.63800000 0.00440086 0.05937539
v 0.69300000 0.00440086 0.05937539
v 0.63800000 0.00638906 0.06043810
v 0.69300000 0.00638906 0.06043810
v 0.63800000 0.00813173 0.06186827
v 0.69300000 0.00813173 0.06186827
v 0.63800000 0.00956190 0.06361094
v 0.69300000 0.00956190 0.06361094
v 0.63800000 0.01062461 0.06559914
v 0.69300000 0.01062461 0.06559914
v 0.63800000 0.01127903 0.06775646
v 0.69300000 0.01127903 0.06775646
v 0.63800000 0.01150000 0.07000000
v 0.69300000 0.01150000 0.07000000
v 0.63800000 0.01127903 0.07224354
v 0.69300000 0.01127903 0.07224354
v 0.63800000 0.01062461 0.07440086
v 0.69300000 0.01062461 0.07440086
v 0.63800000 0.00956190 0.07638906
v 0.69300000 0.00956190 0.07638906
v 0.63800000 0.00813173 0.07813173
v 0.69300000 0.00813173 0.07813173
v 0.63800000 0.00638906 0.07956190
v 0.69300000 0.00638906 0.07956190
v 0.63800000 0.00440086 0.08062461
v 0.69300000 0.00440086 0.08062461
v 0.63800000 0.00224354 0.08127903
v 0.69300000 0.00224354 0.08127903
v 0.63800000 0.00000000 0.08150000
v 0.69300000 0.00000000 0.08150000
v 0.63800000 -0.00224354 0.08127903
v 0.69300000 -0.00224354 0.08127903
v 0.63800000 -0.00440086 0.08062461
v 0.69300000 -0.00440086 0.08062461
v 0.63800000 -0.00638906 0.07956190
v 0.69300000 -0.00638906 0.07956190
v 0.63800000 -0.00813173 0.07813173
v 0.69300000 -0.00813173 0.07813173
v 0.63800000 -0.00956190 0.07638906
v 0.69300000 -0.00956190 0.07638906
v 0.63800000 -0.01062461 0.07440086
v 0.69300000 -0.01062461 0.07440086
v 0.63800000 -0.01127903 0.07224354
v 0.69300000 -0.01127903 0.07224354
v 0.63800000 -0.01150000 0.07000000
v 0.69300000 -0.01150000 0.07000000
v 0.63800000 -0.01127903 0.06775646
v 0.69300000 -0.01127903 0.06775646
v 0.63800000 -0.01062461 0.06559914
v 0.69300000 -0.01062461 0.06559914
v 0.63800000 -0.00956190 0.06361094
v 0.69300000 -0.00956190 0.06361094
v 0.63800000 -0.00813173 0.06186827
v 0.69300000 -0.00813173 0.06186827
v 0.63800000 -0.00638906 0.06043810
v 0.69300000 -0.00638906 0.06043810
v 0.63800000 -0.00440086 0.05937539
v 0.69300000 -0.00440086 0.05937539
v 0.63800000 -0.00224354 0.05872097
v 0.69300000 -0.00224354 0.05872097
v 0.68600000 0.00000000 0.07000000
v 0.68600000 0.00000000 0.05750000
v 0.69300000 0.00000000 0.05750000
v 0.69300000 0.00000000 0.07000000
v 0.68600000 0.00243863 0.05774018
v 0.69300000 0.00243863 0.05774018
v 0.68600000 0.00478354 0.05845151
v 0.69300000 0.00478354 0.05845151
v 0.68600000 0.00694463 0.05960663
v 0.69300000 0.00694463 0.05960663
v 0.68600000 0.00883883 0.06116117
v 0.69300000 0.00883883 0.06116117
v 0.68600000 0.01039337 0.06305537
v 0.69300000 0.01039337 0.06305537
v 0.68600000 0.01154849 0.06521646
v 0.69300000 0.01154849 0.06521646
v 0.68600000 0.01225982 0.06756137
v 0.69300000 0.01225982 0.06756137
v 0.68600000 0.01250000 0.07000000
v 0.69300000 0.01250000 0.07000000
v 0.68600000 0.01225982 0.07243863
v 0.69300000 0.01225982 0.07243863
v 0.68600000 0.01154849 0.07478354
v 0.69300000 0.01154849 0.07478354
v 0.68600000 0.01039337 0.07694463
v 0.69300000 0.01039337 0.07694463
v 0.68600000 0.00883883 0.07883883
v 0.69300000 0.00883883 0.07883883
v 0.68600000 0.00694463 0.08039337
v 0.69300000 0.00694463 0.08039337
v 0.68600000 0.00478354 0.08154849
v 0.69300000 0.00478354 0.08154849
v 0.68600000 0.00243863 0.08225982
v 0.69300000 0.00243863 0.08225982
v 0.68600000 0.00000000 0.08250000
v 0.69300000 0.00000000 0.08250000
v 0.68600000 -0.00243863 0.08225982
v 0.69300000 -0.00243863 0.08225982
v 0.68600000 -0.00478354 0.08154849
v 0.69300000 -0.00478354 0.08154849
v 0.68600000 -0.00694463 0.08039337
v 0.69300000 -0.00694463 0.08039337
v 0.68600000 -0.00883883 0.07883883
v 0.69300000 -0.00883883 0.07883883
v 0.68600000 -0.01039337 0.07694463
v 0.69300000 -0.01039337 0.07694463
v 0.68600000 -0.01154849 0.07478354
v 0.69300000 -0.01154849 0.07478354
v 0.68600000 -0.01225982 0.07243863
v 0.69300000 -0.01225982 0.07243863
v 0.68600000 -0.01250000 0.07000000
v 0.69300000 -0.01250000 0.07000000
v 0.68600000 -0.01225982 0.06756137
v 0.69300000 -0.01225982 0.06756137
v 0.68600000 -0.01154849 0.06521646
v 0.69300000 -0.01154849 0.06521646
v 0.68600000 -0.01039337 0.06305537
v 0.69300000 -0.01039337 0.06305537
v 0.68600000 -0.00883883 0.06116117
v 0.69300000 -0.00883883 0.06116117
v 0.68600000 -0.00694463 0.05960663
v 0.69300000 -0.00694463 0.05960663
v 0.68600000 -0.00478354 0.05845151
v 0.69300000 -0.00478354 0.05845151
v 0.68600000 -0.00243863 0.05774018
v 0.69300000 -0.00243863 0.05774018
v 0.69300000 0.00000000 0.07000000
v 0.69300000 0.00000000 0.05850000
v 0.70500000 0.00000000 0.07000000
v 0.69300000 0.00224354 0.05872097
v 0.69300000 0.00440086 0.05937539
v 0.69300000 0.00638906 0.06043810
v 0.69300000 0.00813173 0.06186827
v 0.69300000 0.00956190 0.06361094
v 0.69300000 0.01062461 0.06559914
v 0.69300000 0.01127903 0.06775646
v 0.69300000 0.01150000 0.07000000
v 0.69300000 0.01127903 0.07224354
v 0.69300000 0.01062461 0.07440086
v 0.69300000 0.00956190 0.07638906
v 0.69300000 0.00813173 0.07813173
v 0.69300000 0.00638906 0.07956190
v 0.69300000 0.00440086 0.08062461
v 0.69300000 0.00224354 0.08127903
v 0.69300000 0.00000000 0.08150000
v 0.69300000 -0.00224354 0.08127903
v 0.69300000 -0.00440086 0.08062461
v 0.69300000 -0.00638906 0.07956190
v 0.69300000 -0.00813173 0.07813173
v 0.69300000 -0.00956190 0.07638906
v 0.69300000 -0.01062461 0.07440086
v 0.69300000 -0.01127903 0.07224354
v 0.69300000 -0.01150000 0.07000000
v 0.69300000 -0.01127903 0.06775646
v 0.69300000 -0.01062461 0.06559914
v 0.69300000 -0.00956190 0.06361094
v 0.69300000 -0.00813173 0.06186827
v 0.69300000 -0.00638906 0.06043810
v 0.69300000 -0.00440086 0.05937539
v 0.69300000 -0.00224354 0.05872097
v 0.51300000 0.00000000 0.10600000
v 0.51550000 0.00000000 0.10600000
v 0.51550000 0.00000000 0.13000000
v 0.51300000 0.00000000 0.13000000
v 0.51516506 0.00125000 0.10600000
v 0.51516506 0.00125000 0.13000000
v 0.51425000 0.00216506 0.10600000
v 0.51425000 0.00216506 0.13000000
v 0.51300000 0.00250000 0.10600000
v 0.51300000 0.00250000 0.13000000
v 0.51175000 0.00216506 0.10600000
v 0.51175000 0.00216506 0.13000000
v 0.51083494 0.00125000 0.10600000
v 0.51083494 0.00125000 0.13000000
v 0.51050000 0.00000000 0.10600000
v 0.51050000 0.00000000 0.13000000
v 0.51083494 -0.00125000 0.10600000
v 0.51083494 -0.00125000 0.13000000
v 0.51175000 -0.00216506 0.10600000
v 0.51175000 -0.00216506 0.13000000
v 0.51300000 -0.00250000 0.10600000
v 0.51300000 -0.00250000 0.13000000
v 0.51425000 -0.00216506 0.10600000
v 0.51425000 -0.00216506 0.13000000
v 0.51516506 -0.00125000 0.10600000
v 0.51516506 -0.00125000 0.13000000
v 0.51300000 0.00000000 0.12600000
v 0.51800000 0.00000000 0.12600000
v 0.51800000 0.00000000 0.13000000
v 0.51300000 0.00000000 0.13000000
v 0.51733013 0.00250000 0.12600000
v 0.51733013 0.00250000 0.13000000
v 0.51550000 0.00433013 0.12600000
v 0.51550000 0.00433013 0.13000000
v 0.51300000 0.00500000 0.12600000
v 0.51300000 0.00500000 0.13000000
v 0.51050000 0.00433013 0.12600000
v 0.51050000 0.00433013 0.13000000
v 0.50866987 0.00250000 0.12600000
v 0.50866987 0.00250000 0.13000000
v 0.50800000 0.00000000 0.12600000
v 0.50800000 0.00000000 0.13000000
v 0.50866987 -0.00250000 0.12600000
v 0.50866987 -0.00250000 0.13000000
v 0.51050000 -0.00433013 0.12600000
v 0.51050000 -0.00433013 0.13000000
v 0.51300000 -0.00500000 0.12600000
v 0.51300000 -0.00500000 0.13000000
v 0.51550000 -0.00433013 0.12600000
v 0.51550000 -0.00433013 0.13000000
v 0.51733013 -0.00250000 0.12600000
v 0.51733013 -0.00250000 0.13000000
f 2306 2305 2309
f 2306 2309 2307
f 2307 2309 2310
f 2307 2310 2308
f 2309 2305 2311
f 2309 2311 2310
f 2310 2311 2312
f 2310 2312 2308
f 2311 2305 2313
f 2311 2313 2312
f 2312 2313 2314
f 2312 2314 2308
f 2313 2305 2315
f 2313 2315 2314
f 2314 2315 2316
f 2314 2316 2308
f 2315 2305 2317
f 2315 2317 2316
f 2316 2317 2318
f 2316 2318 2308
f 2317 2305 2319
f 2317 2319 2318
f 2318 2319 2320
f 2318 2320 2308
f 2319 2305 2321
f 2319 2321 2320
f 2320 2321 2322
f 2320 2322 2308
f 2321 2305 2323
f 2321 2323 2322
f 2322 2323 2324
f 2322 2324 2308
f 2323 2305 2325
f 2323 2325 2324
f 2324 2325 2326
f 2324 2326 2308
f 2325 2305 2327
f 2325 2327 2326
f 2326 2327 2328
f 2326 2328 2308
f 2327 2305 2329
f 2327 2329 2328
f 2328 2329 2330
f 2328 2330 2308
f 2329 2305 2331
f 2329 2331 2330
f 2330 2331 2332
f 2330 2332 2308
f 2331 2305 2333
f 2331 2333 2332
f 2332 2333 2334
f 2332 2334 2308
f 2333 2305 2335
f 2333 2335 2334
f 2334 2335 2336
f 2334 2336 2308
f 2335 2305 2337
f 2335 2337 2336
f 2336 2337 2338
f 2336 2338 2308
f 2337 2305 2339
f 2337 2339 2338
f 2338 2339 2340
f 2338 2340 2308
f 2339 2305 2341
f 2339 2341 2340
f 2340 2341 2342
f 2340 2342 2308
f 2341 2305 2343
f 2341 2343 2342
f 2342 2343 2344
f 2342 2344 2308
f 2343 2305 2345
f 2343 2345 2344
f 2344 2345 2346
f 2344 2346 2308
f 2345 2305 2347
f 2345 2347 2346
f 2346 2347 2348
f 2346 2348 2308
f 2347 2305 2349
f 2347 2349 2348
f 2348 2349 2350
f 2348 2350 2308
f 2349 2305 2351
f 2349 2351 2350
f 2350 2351 2352
f 2350 2352 2308
f 2351 2305 2353
f 2351 2353 2352
f 2352 2353 2354
f 2352 2354 2308
f 2353 2305 2355
f 2353 2355 2354
f 2354 2355 2356
f 2354 2356 2308
f 2355 2305 2357
f 2355 2357 2356
f 2356 2357 2358
f 2356 2358 2308
f 2357 2305 2359
f 2357 2359 2358
f 2358 2359 2360
f 2358 2360 2308
f 2359 2305 2361
f 2359 2361 2360
f 2360 2361 2362
f 2360 2362 2308
f 2361 2305 2363
f 2361 2363 2362
f 2362 2363 2364
f 2362 2364 2308
f 2363 2305 2365
f 2363 2365 2364
f 2364 2365 2366
f 2364 2366 2308
f 2365 2305 2367
f 2365 2367 2366
f 2366 2367 2368
f 2366 2368 2308
f 2367 2305 2369
f 2367 2369 2368
f 2368 2369 2370
f 2368 2370 2308
f 2369 2305 2306
f 2369 2306 2370
f 2370 2306 2307
f 2370 2307 2308
f 2372 2371 2375
f 2372 2375 2373
f 2373 2375 2376
f 2373 2376 2374
f 2375 2371 2377
f 2375 2377 2376
f 2376 2377 2378
f 2376 2378 2374
f 2377 2371 2379
f 2377 2379 2378
f 2378 2379 2380
f 2378 2380 2374
f 2379 2371 2381
f 2379 2381 2380
f 2380 2381 2382
f 2380 2382 2374
f 2381 2371 2383
f 2381 2383 2382
f 2382 2383 2384
f 2382 2384 2374
f 2383 2371 2385
f 2383 2385 2384
f 2384 2385 2386
f 2384 2386 2374
f 2385 2371 2387
f 2385 2387 2386
f 2386 2387 2388
f 2386 2388 2374
f 2387 2371 2372
f 2387 2372 2388
f 2388 2372 2373
f 2388 2373 2374
f 2390 2389 2393
f 2390 2393 2391
f 2391 2393 2394
f 2391 2394 2392
f 2393 2389 2395
f 2393 2395 2394
f 2394 2395 2396
f 2394 2396 2392
f 2395 2389 2397
f 2395 2397 2396
f 2396 2397 2398
f 2396 2398 2392
f 2397 2389 2399
f 2397 2399 2398
f 2398 2399 2400
f 2398 2400 2392
f 2399 2389 2401
f 2399 2401 2400
f 2400 2401 2402
f 2400 2402 2392
f 2401 2389 2403
f 2401 2403 2402
f 2402 2403 2404
f 2402 2404 2392
f 2403 2389 2405
f 2403 2405 2404
f 2404 2405 2406
f 2404 2406 2392
f 2405 2389 2407
f 2405 2407 2406
f 2406 2407 2408
f 2406 2408 2392
f 2407 2389 2409
f 2407 2409 2408
f 2408 2409 2410
f 2408 2410 2392
f 2409 2389 2411
f 2409 2411 2410
f 2410 2411 2412
f 2410 2412 2392
f 2411 2389 2413
f 2411 2413 2412
f 2412 2413 2414
f 2412 2414 2392
f 2413 2389 2415
f 2413 2415 2414
f 2414 2415 2416
f 2414 2416 2392
f 2415 2389 2417
f 2415 2417 2416
f 2416 2417 2418
f 2416 2418 2392
f 2417 2389 2419
f 2417 2419 2418
f 2418 2419 2420
f 2418 2420 2392
f 2419 2389 2421
f 2419 2421 2420
f 2420 2421 2422
f 2420 2422 2392
f 2421 2389 2423
f 2421 2423 2422
f 2422 2423 2424
f 2422 2424 2392
f 2423 2389 2425
f 2423 2425 2424
f 2424 2425 2426
f 2424 2426 2392
f 2425 2389 2427
f 2425 2427 2426
f 2426 2427 2428
f 2426 2428 2392
f 2427 2389 2429
f 2427 2429 2428
f 2428 2429 2430
f 2428 2430 2392
f 2429 2389 2431
f 2429 2431 2430
f 2430 2431 2432
f 2430 2432 2392
f 2431 2389 2433
f 2431 2433 2432
f 2432 2433 2434
f 2432 2434 2392
f 2433 2389 2435
f 2433 2435 2434
f 2434 2435 2436
f 2434 2436 2392
f 2435 2389 2437
f 2435 2437 2436
f 2436 2437 2438
f 2436 2438 2392
f 2437 2389 2439
f 2437 2439 2438
f 2438 2439 2440
f 2438 2440 2392
f 2439 2389 2441
f 2439 2441 2440
f 2440 2441 2442
f 2440 2442 2392
f 2441 2389 2443
f 2441 2443 2442
f 2442 2443 2444
f 2442 2444 2392
f 2443 2389 2445
f 2443 2445 2444
f 2444 2445 2446
f 2444 2446 2392
f 2445 2389 2447
f 2445 2447 2446
f 2446 2447 2448
f 2446 2448 2392
f 2447 2389 2449
f 2447 2449 2448
f 2448 2449 2450
f 2448 2450 2392
f 2449 2389 2451
f 2449 2451 2450
f 2450 2451 2452
f 2450 2452 2392
f 2451 2389 2453
f 2451 2453 2452
f 2452 2453 2454
f 2452 2454 2392
f 2453 2389 2390
f 2453 2390 2454
f 2454 2390 2391
f 2454 2391 2392
f 2456 2455 2459
f 2456 2459 2457
f 2457 2459 2460
f 2457 2460 2458
f 2459 2455 2461
f 2459 2461 2460
f 2460 2461 2462
f 2460 2462 2458
f 2461 2455 2463
f 2461 2463 2462
f 2462 2463 2464
f 2462 2464 2458
f 2463 2455 2465
f 2463 2465 2464
f 2464 2465 2466
f 2464 2466 2458
f 2465 2455 2467
f 2465 2467 2466
f 2466 2467 2468
f 2466 2468 2458
f 2467 2455 2469
f 2467 2469 2468
f 2468 2469 2470
f 2468 2470 2458
f 2469 2455 2471
f 2469 2471 2470
f 2470 2471 2472
f 2470 2472 2458
f 2471 2455 2473
f 2471 2473 2472
f 2472 2473 2474
f 2472 2474 2458
f 2473 2455 2475
f 2473 2475 2474
f 2474 2475 2476
f 2474 2476 2458
f 2475 2455 2477
f 2475 2477 2476
f 2476 2477 2478
f 2476 2478 2458
f 2477 2455 2479
f 2477 2479 2478
f 2478 2479 2480
f 2478 2480 2458
f 2479 2455 2481
f 2479 2481 2480
f 2480 2481 2482
f 2480 2482 2458
f 2481 2455 2483
f 2481 2483 2482
f 2482 2483 2484
f 2482 2484 2458
f 2483 2455 2485
f 2483 2485 2484
f 2484 2485 2486
f 2484 2486 2458
f 2485 2455 2487
f 2485 2487 2486
f 2486 2487 2488
f 2486 2488 2458
f 2487 2455 2489
f 2487 2489 2488
f 2488 2489 2490
f 2488 2490 2458
f 2489 2455 2491
f 2489 2491 2490
f 2490 2491 2492
f 2490 2492 2458
f 2491 2455 2493
f 2491 2493 2492
f 2492 2493 2494
f 2492 2494 2458
f 2493 2455 2495
f 2493 2495 2494
f 2494 2495 2496
f 2494 2496 2458
f 2495 2455 2497
f 2495 2497 2496
f 2496 2497 2498
f 2496 2498 2458
f 2497 2455 2499
f 2497 2499 2498
f 2498 2499 2500
f 2498 2500 2458
f 2499 2455 2501
f 2499 2501 2500
f 2500 2501 2502
f 2500 2502 2458
f 2501 2455 2503
f 2501 2503 2502
f 2502 2503 2504
f 2502 2504 2458
f 2503 2455 2505
f 2503 2505 2504
f 2504 2505 2506
f 2504 2506 2458
f 2505 2455 2507
f 2505 2507 2506
f 2506 2507 2508
f 2506 2508 2458
f 2507 2455 2509
f 2507 2509 2508
f 2508 2509 2510
f 2508 2510 2458
f 2509 2455 2511
f 2509 2511 2510
f 2510 2511 2512
f 2510 2512 2458
f 2511 2455 2513
f 2511 2513 2512
f 2512 2513 2514
f 2512 2514 2458
f 2513 2455 2515
f 2513 2515 2514
f 2514 2515 2516
f 2514 2516 2458
f 2515 2455 2517
f 2515 2517 2516
f 2516 2517 2518
f 2516 2518 2458
f 2517 2455 2519
f 2517 2519 2518
f 2518 2519 2520
f 2518 2520 2458
f 2519 2455 2456
f 2519 2456 2520
f 2520 2456 2457
f 2520 2457 2458
f 2522 2521 2525
f 2522 2525 2523
f 2523 2525 2526
f 2523 2526 2524
f 2525 2521 2527
f 2525 2527 2526
f 2526 2527 2528
f 2526 2528 2524
f 2527 2521 2529
f 2527 2529 2528
f 2528 2529 2530
f 2528 2530 2524
f 2529 2521 2531
f 2529 2531 2530
f 2530 2531 2532
f 2530 2532 2524
f 2531 2521 2533
f 2531 2533 2532
f 2532 2533 2534
f 2532 2534 2524
f 2533 2521 2535
f 2533 2535 2534
f 2534 2535 2536
f 2534 2536 2524
f 2535 2521 2537
f 2535 2537 2536
f 2536 2537 2538
f 2536 2538 2524
f 2537 2521 2539
f 2537 2539 2538
f 2538 2539 2540
f 2538 2540 2524
f 2539 2521 2541
f 2539 2541 2540
f 2540 2541 2542
f 2540 2542 2524
f 2541 2521 2543
f 2541 2543 2542
f 2542 2543 2544
f 2542 2544 2524
f 2543 2521 2545
f 2543 2545 2544
f 2544 2545 2546
f 2544 2546 2524
f 2545 2521 2547
f 2545 2547 2546
f 2546 2547 2548
f 2546 2548 2524
f 2547 2521 2549
f 2547 2549 2548
f 2548 2549 2550
f 2548 2550 2524
f 2549 2521 2551
f 2549 2551 2550
f 2550 2551 2552
f 2550 2552 2524
f 2551 2521 2553
f 2551 2553 2552
f 2552 2553 2554
f 2552 2554 2524
f 2553 2521 2555
f 2553 2555 2554
f 2554 2555 2556
f 2554 2556 2524
f 2555 2521 2557
f 2555 2557 2556
f 2556 2557 2558
f 2556 2558 2524
f 2557 2521 2559
f 2557 2559 2558
f 2558 2559 2560
f 2558 2560 2524
f 2559 2521 2561
f 2559 2561 2560
f 2560 2561 2562
f 2560 2562 2524
f 2561 2521 2563
f 2561 2563 2562
f 2562 2563 2564
f 2562 2564 2524
f 2563 2521 2565
f 2563 2565 2564
f 2564 2565 2566
f 2564 2566 2524
f 2565 2521 2567
f 2565 2567 2566
f 2566 2567 2568
f 2566 2568 2524
f 2567 2521 2569
f 2567 2569 2568
f 2568 2569 2570
f 2568 2570 2524
f 2569 2521 2571
f 2569 2571 2570
f 2570 2571 2572
f 2570 2572 2524
f 2571 2521 2573
f 2571 2573 2572
f 2572 2573 2574
f 2572 2574 2524
f 2573 2521 2575
f 2573 2575 2574
f 2574 2575 2576
f 2574 2576 2524
f 2575 2521 2577
f 2575 2577 2576
f 2576 2577 2578
f 2576 2578 2524
f 2577 2521 2579
f 2577 2579 2578
f 2578 2579 2580
f 2578 2580 2524
f 2579 2521 2581
f 2579 2581 2580
f 2580 2581 2582
f 2580 2582 2524
f 2581 2521 2583
f 2581 2583 2582
f 2582 2583 2584
f 2582 2584 2524
f 2583 2521 2585
f 2583 2585 2584
f 2584 2585 2586
f 2584 2586 2524
f 2585 2521 2522
f 2585 2522 2586
f 2586 2522 2523
f 2586 2523 2524
f 2588 2587 2591
f 2588 2591 2589
f 2589 2591 2592
f 2589 2592 2590
f 2591 2587 2593
f 2591 2593 2592
f 2592 2593 2594
f 2592 2594 2590
f 2593 2587 2595
f 2593 2595 2594
f 2594 2595 2596
f 2594 2596 2590
f 2595 2587 2597
f 2595 2597 2596
f 2596 2597 2598
f 2596 2598 2590
f 2597 2587 2599
f 2597 2599 2598
f 2598 2599 2600
f 2598 2600 2590
f 2599 2587 2601
f 2599 2601 2600
f 2600 2601 2602
f 2600 2602 2590
f 2601 2587 2603
f 2601 2603 2602
f 2602 2603 2604
f 2602 2604 2590
f 2603 2587 2605
f 2603 2605 2604
f 2604 2605 2606
f 2604 2606 2590
f 2605 2587 2607
f 2605 2607 2606
f 2606 2607 2608
f 2606 2608 2590
f 2607 2587 2609
f 2607 2609 2608
f 2608 2609 2610
f 2608 2610 2590
f 2609 2587 2611
f 2609 2611 2610
f 2610 2611 2612
f 2610 2612 2590
f 2611 2587 2613
f 2611 2613 2612
f 2612 2613 2614
f 2612 2614 2590
f 2613 2587 2615
f 2613 2615 2614
f 2614 2615 2616
f 2614 2616 2590
f 2615 2587 2617
f 2615 2617 2616
f 2616 2617 2618
f 2616 2618 2590
f 2617 2587 2619
f 2617 2619 2618
f 2618 2619 2620
f 2618 2620 2590
f 2619 2587 2621
f 2619 2621 2620
f 2620 2621 2622
f 2620 2622 2590
f 2621 2587 2623
f 2621 2623 2622
f 2622 2623 2624
f 2622 2624 2590
f 2623 2587 2625
f 2623 2625 2624
f 2624 2625 2626
f 2624 2626 2590
f 2625 2587 2627
f 2625 2627 2626
f 2626 2627 2628
f 2626 2628 2590
f 2627 2587 2629
f 2627 2629 2628
f 2628 2629 2630
f 2628 2630 2590
f 2629 2587 2631
f 2629 2631 2630
f 2630 2631 2632
f 2630 2632 2590
f 2631 2587 2633
f 2631 2633 2632
f 2632 2633 2634
f 2632 2634 2590
f 2633 2587 2635
f 2633 2635 2634
f 2634 2635 2636
f 2634 2636 2590
f 2635 2587 2637
f 2635 2637 2636
f 2636 2637 2638
f 2636 2638 2590
f 2637 2587 2639
f 2637 2639 2638
f 2638 2639 2640
f 2638 2640 2590
f 2639 2587 2641
f 2639 2641 2640
f 2640 2641 2642
f 2640 2642 2590
f 2641 2587 2643
f 2641 2643 2642
f 2642 2643 2644
f 2642 2644 2590
f 2643 2587 2645
f 2643 2645 2644
f 2644 2645 2646
f 2644 2646 2590
f 2645 2587 2647
f 2645 2647 2646
f 2646 2647 2648
f 2646 2648 2590
f 2647 2587 2649
f 2647 2649 2648
f 2648 2649 2650
f 2648 2650 2590
f 2649 2587 2651
f 2649 2651 2650
f 2650 2651 2652
f 2650 2652 2590
f 2651 2587 2588
f 2651 2588 2652
f 2652 2588 2589
f 2652 2589 2590
f 2654 2653 2656
f 2654 2656 2655
f 2656 2653 2657
f 2656 2657 2655
f 2657 2653 2658
f 2657 2658 2655
f 2658 2653 2659
f 2658 2659 2655
f 2659 2653 2660
f 2659 2660 2655
f 2660 2653 2661
f 2660 2661 2655
f 2661 2653 2662
f 2661 2662 2655
f 2662 2653 2663
f 2662 2663 2655
f 2663 2653 2664
f 2663 2664 2655
f 2664 2653 2665
f 2664 2665 2655
f 2665 2653 2666
f 2665 2666 2655
f 2666 2653 2667
f 2666 2667 2655
f 2667 2653 2668
f 2667 2668 2655
f 2668 2653 2669
f 2668 2669 2655
f 2669 2653 2670
f 2669 2670 2655
f 2670 2653 2671
f 2670 2671 2655
f 2671 2653 2672
f 2671 2672 2655
f 2672 2653 2673
f 2672 2673 2655
f 2673 2653 2674
f 2673 2674 2655
f 2674 2653 2675
f 2674 2675 2655
f 2675 2653 2676
f 2675 2676 2655
f 2676 2653 2677
f 2676 2677 2655
f 2677 2653 2678
f 2677 2678 2655
f 2678 2653 2679
f 2678 2679 2655
f 2679 2653 2680
f 2679 2680 2655
f 2680 2653 2681
f 2680 2681 2655
f 2681 2653 2682
f 2681 2682 2655
f 2682 2653 2683
f 2682 2683 2655
f 2683 2653 2684
f 2683 2684 2655
f 2684 2653 2685
f 2684 2685 2655
f 2685 2653 2686
f 2685 2686 2655
f 2686 2653 2654
f 2686 2654 2655
f 2688 2687 2691
f 2688 2691 2689
f 2689 2691 2692
f 2689 2692 2690
f 2691 2687 2693
f 2691 2693 2692
f 2692 2693 2694
f 2692 2694 2690
f 2693 2687 2695
f 2693 2695 2694
f 2694 2695 2696
f 2694 2696 2690
f 2695 2687 2697
f 2695 2697 2696
f 2696 2697 2698
f 2696 2698 2690
f 2697 2687 2699
f 2697 2699 2698
f 2698 2699 2700
f 2698 2700 2690
f 2699 2687 2701
f 2699 2701 2700
f 2700 2701 2702
f 2700 2702 2690
f 2701 2687 2703
f 2701 2703 2702
f 2702 2703 2704
f 2702 2704 2690
f 2703 2687 2705
f 2703 2705 2704
f 2704 2705 2706
f 2704 2706 2690
f 2705 2687 2707
f 2705 2707 2706
f 2706 2707 2708
f 2706 2708 2690
f 2707 2687 2709
f 2707 2709 2708
f 2708 2709 2710
f 2708 2710 2690
f 2709 2687 2711
f 2709 2711 2710
f 2710 2711 2712
f 2710 2712 2690
f 2711 2687 2688
f 2711 2688 2712
f 2712 2688 2689
f 2712 2689 2690
f 2714 2713 2717
f 2714 2717 2715
f 2715 2717 2718
f 2715 2718 2716
f 2717 2713 2719
f 2717 2719 2718
f 2718 2719 2720
f 2718 2720 2716
f 2719 2713 2721
f 2719 2721 2720
f 2720 2721 2722
f 2720 2722 2716
f 2721 2713 2723
f 2721 2723 2722
f 2722 2723 2724
f 2722 2724 2716
f 2723 2713 2725
f 2723 2725 2724
f 2724 2725 2726
f 2724 2726 2716
f 2725 2713 2727
f 2725 2727 2726
f 2726 2727 2728
f 2726 2728 2716
f 2727 2713 2729
f 2727 2729 2728
f 2728 2729 2730
f 2728 2730 2716
f 2729 2713 2731
f 2729 2731 2730
f 2730 2731 2732
f 2730 2732 2716
f 2731 2713 2733
f 2731 2733 2732
f 2732 2733 2734
f 2732 2734 2716
f 2733 2713 2735
f 2733 2735 2734
f 2734 2735 2736
f 2734 2736 2716
f 2735 2713 2737
f 2735 2737 2736
f 2736 2737 2738
f 2736 2738 2716
f 2737 2713 2714
f 2737 2714 2738
f 2738 2714 2715
f 2738 2715 2716

